Rk,Gcar,Gtm,Date,Team,Unnamed: 5,Opp,Result,GS,MP,FG,FGA,FG%,3P,3PA,3P%,2P,2PA,2P%,eFG%,FT,FTA,FT%,ORB,DRB,TRB,AST,STL,BLK,TOV,PF,PTS,GmSc,+/-
1.0,303.0,1.0,10/22/2024,MIN,@,LAL,"L, 103-110",1,41:04:00,10.0,25.0,0.4,5.0,13.0,0.385,5.0,12.0,0.417,0.5,2.0,3.0,0.667,0.0,6.0,6.0,3.0,0.0,0.0,4.0,3.0,27.0,11.8,0.0
2.0,304.0,2.0,10/24/2024,MIN,@,SAC,"W, 117-115",1,39:12:00,10.0,24.0,0.417,5.0,15.0,0.333,5.0,9.0,0.556,0.521,7.0,7.0,1.0,1.0,6.0,7.0,4.0,1.0,0.0,3.0,4.0,32.0,20.9,8.0
3.0,305.0,3.0,10/26/2024,MIN,,TOR,"W, 112-101",1,39:11:00,9.0,21.0,0.429,5.0,12.0,0.417,4.0,9.0,0.444,0.548,1.0,3.0,0.333,0.0,6.0,6.0,4.0,1.0,1.0,4.0,3.0,24.0,13.2,5.0
4.0,306.0,4.0,10/29/2024,MIN,,DAL,"L, 114-120",1,37:20:00,12.0,20.0,0.6,7.0,13.0,0.538,5.0,7.0,0.714,0.775,6.0,12.0,0.5,0.0,6.0,6.0,3.0,0.0,1.0,5.0,1.0,37.0,24.6,-8.0
5.0,307.0,5.0,11/1/2024,MIN,,DEN,"W, 119-116",1,38:18:00,11.0,23.0,0.478,7.0,14.0,0.5,4.0,9.0,0.444,0.63,0.0,0.0,,0.0,4.0,4.0,4.0,1.0,1.0,2.0,1.0,29.0,20.6,5.0
6.0,308.0,6.0,11/2/2024,MIN,@,SAS,"L, 103-113",1,35:33:00,8.0,17.0,0.471,3.0,7.0,0.429,5.0,10.0,0.5,0.559,2.0,4.0,0.5,0.0,5.0,5.0,2.0,2.0,0.0,3.0,0.0,21.0,13.4,-20.0
7.0,309.0,7.0,11/4/2024,MIN,,CHO,"W, 114-93",1,29:05:00,6.0,11.0,0.545,4.0,6.0,0.667,2.0,5.0,0.4,0.727,5.0,7.0,0.714,0.0,5.0,5.0,1.0,1.0,0.0,1.0,1.0,21.0,16.7,9.0
8.0,310.0,8.0,11/7/2024,MIN,@,CHI,"W, 135-119",1,34:49:00,13.0,23.0,0.565,5.0,9.0,0.556,8.0,14.0,0.571,0.674,2.0,2.0,1.0,3.0,5.0,8.0,6.0,0.0,1.0,2.0,2.0,33.0,27.8,15.0
9.0,311.0,9.0,11/8/2024,MIN,,POR,"W, 127-102",1,30:07:00,12.0,21.0,0.571,9.0,15.0,0.6,3.0,6.0,0.5,0.786,4.0,5.0,0.8,0.0,6.0,6.0,5.0,1.0,1.0,6.0,2.0,37.0,26.9,29.0
10.0,312.0,10.0,11/10/2024,MIN,,MIA,"L, 94-95",1,37:16:00,8.0,24.0,0.333,4.0,14.0,0.286,4.0,10.0,0.4,0.417,2.0,3.0,0.667,1.0,4.0,5.0,6.0,2.0,0.0,6.0,3.0,22.0,8.9,2.0
11.0,313.0,11.0,11/12/2024,MIN,@,POR,"L, 108-122",1,37:01:00,8.0,19.0,0.421,4.0,10.0,0.4,4.0,9.0,0.444,0.526,6.0,6.0,1.0,0.0,0.0,0.0,3.0,2.0,1.0,1.0,2.0,26.0,18.9,-20.0
12.0,314.0,12.0,11/13/2024,MIN,@,POR,"L, 98-106",1,40:08:00,10.0,25.0,0.4,0.0,9.0,0.0,10.0,16.0,0.625,0.4,4.0,4.0,1.0,0.0,4.0,4.0,4.0,4.0,1.0,3.0,2.0,24.0,15.4,-1.0
13.0,315.0,13.0,11/15/2024,MIN,@,SAC,"W, 130-126 (OT)",1,41:56:00,14.0,27.0,0.519,6.0,14.0,0.429,8.0,13.0,0.615,0.63,2.0,2.0,1.0,1.0,4.0,5.0,2.0,0.0,0.0,2.0,4.0,36.0,22.4,16.0
14.0,316.0,14.0,11/17/2024,MIN,,PHO,"W, 120-117",1,38:50:00,9.0,14.0,0.643,3.0,7.0,0.429,6.0,7.0,0.857,0.75,3.0,3.0,1.0,0.0,4.0,4.0,6.0,1.0,0.0,2.0,2.0,24.0,21.4,-6.0
15.0,317.0,15.0,11/21/2024,MIN,@,TOR,"L, 105-110",1,36:01:00,9.0,20.0,0.45,5.0,9.0,0.556,4.0,11.0,0.364,0.575,3.0,3.0,1.0,1.0,2.0,3.0,2.0,2.0,2.0,2.0,4.0,26.0,18.1,4.0
16.0,318.0,16.0,11/24/2024,MIN,@,BOS,"L, 105-107",1,39:17:00,9.0,21.0,0.429,6.0,11.0,0.545,3.0,10.0,0.3,0.571,4.0,4.0,1.0,0.0,9.0,9.0,7.0,0.0,0.0,3.0,3.0,28.0,20.3,2.0
17.0,319.0,17.0,11/26/2024,MIN,,HOU,"L, 111-117 (OT)",1,43:15:00,8.0,22.0,0.364,3.0,12.0,0.25,5.0,10.0,0.5,0.432,10.0,10.0,1.0,3.0,7.0,10.0,1.0,1.0,3.0,3.0,1.0,29.0,21.4,-14.0
18.0,320.0,18.0,11/27/2024,MIN,,SAC,"L, 104-115",1,37:25:00,9.0,24.0,0.375,4.0,9.0,0.444,5.0,15.0,0.333,0.458,7.0,8.0,0.875,1.0,4.0,5.0,5.0,3.0,0.0,1.0,0.0,29.0,22.8,-5.0
19.0,321.0,19.0,11/29/2024,MIN,,LAC,"W, 93-92",1,36:01:00,7.0,21.0,0.333,4.0,9.0,0.444,3.0,12.0,0.25,0.429,3.0,5.0,0.6,2.0,2.0,4.0,3.0,2.0,0.0,4.0,0.0,21.0,10.4,-5.0
20.0,322.0,20.0,12/2/2024,MIN,,LAL,"W, 109-80",1,26:57:00,3.0,13.0,0.231,1.0,5.0,0.2,2.0,8.0,0.25,0.269,1.0,2.0,0.5,0.0,7.0,7.0,3.0,2.0,0.0,3.0,1.0,8.0,2.5,1.0
21.0,323.0,21.0,12/4/2024,MIN,@,LAC,"W, 108-80",1,26:12:00,5.0,14.0,0.357,4.0,9.0,0.444,1.0,5.0,0.2,0.5,2.0,2.0,1.0,1.0,5.0,6.0,4.0,4.0,0.0,2.0,3.0,16.0,14.0,27.0
22.0,324.0,22.0,12/6/2024,MIN,@,GSW,"W, 107-90",1,34:57:00,11.0,18.0,0.611,4.0,10.0,0.4,7.0,8.0,0.875,0.722,4.0,4.0,1.0,0.0,4.0,4.0,9.0,1.0,2.0,4.0,1.0,30.0,27.3,23.0
23.0,325.0,23.0,12/8/2024,MIN,@,GSW,"L, 106-114",1,36:34:00,10.0,19.0,0.526,5.0,9.0,0.556,5.0,10.0,0.5,0.658,2.0,2.0,1.0,0.0,5.0,5.0,6.0,1.0,0.0,6.0,3.0,27.0,17.2,-3.0
24.0,326.0,24.0,12/13/2024,MIN,,LAL,"W, 97-87",1,32:37:00,9.0,20.0,0.45,2.0,7.0,0.286,7.0,13.0,0.538,0.5,3.0,5.0,0.6,2.0,4.0,6.0,1.0,1.0,1.0,5.0,1.0,23.0,11.4,25.0
25.0,327.0,25.0,12/15/2024,MIN,@,SAS,"W, 106-92",1,28:28:00,10.0,21.0,0.476,3.0,7.0,0.429,7.0,14.0,0.5,0.548,3.0,3.0,1.0,0.0,5.0,5.0,2.0,0.0,0.0,1.0,3.0,26.0,16.0,9.0
26.0,328.0,26.0,12/19/2024,MIN,,NYK,"L, 107-133",1,33:36:00,7.0,16.0,0.438,3.0,7.0,0.429,4.0,9.0,0.444,0.531,0.0,0.0,,0.0,5.0,5.0,7.0,3.0,1.0,2.0,0.0,17.0,16.7,-15.0
27.0,329.0,27.0,12/21/2024,MIN,,GSW,"L, 103-113",1,39:05:00,6.0,20.0,0.3,4.0,11.0,0.364,2.0,9.0,0.222,0.4,3.0,4.0,0.75,1.0,6.0,7.0,5.0,0.0,0.0,1.0,4.0,19.0,10.4,-1.0
28.0,330.0,28.0,12/23/2024,MIN,@,ATL,"L, 104-117",1,32:17:00,7.0,20.0,0.35,1.0,7.0,0.143,6.0,13.0,0.462,0.375,1.0,1.0,1.0,2.0,4.0,6.0,4.0,2.0,0.0,5.0,1.0,16.0,6.8,-23.0
29.0,331.0,29.0,12/25/2024,MIN,@,DAL,"W, 105-99",1,39:13:00,11.0,24.0,0.458,4.0,7.0,0.571,7.0,17.0,0.412,0.542,0.0,0.0,,1.0,7.0,8.0,5.0,2.0,1.0,4.0,0.0,26.0,18.6,8.0
30.0,332.0,30.0,12/27/2024,MIN,@,HOU,"W, 113-112",1,35:18:00,9.0,17.0,0.529,4.0,8.0,0.5,5.0,9.0,0.556,0.647,2.0,3.0,0.667,0.0,5.0,5.0,3.0,0.0,1.0,3.0,3.0,24.0,15.4,-1.0
31.0,333.0,31.0,12/29/2024,MIN,,SAS,"W, 112-110",1,38:12:00,6.0,20.0,0.3,1.0,9.0,0.111,5.0,11.0,0.455,0.325,1.0,1.0,1.0,1.0,7.0,8.0,4.0,0.0,1.0,2.0,1.0,14.0,6.3,2.0
32.0,334.0,32.0,12/31/2024,MIN,@,OKC,"L, 105-113",1,38:49:00,6.0,12.0,0.5,4.0,7.0,0.571,2.0,5.0,0.4,0.667,4.0,4.0,1.0,0.0,7.0,7.0,2.0,0.0,1.0,3.0,3.0,20.0,14.0,-3.0
33.0,335.0,33.0,1/2/2025,MIN,,BOS,"L, 115-118",1,36:13:00,5.0,16.0,0.313,2.0,9.0,0.222,3.0,7.0,0.429,0.375,3.0,4.0,0.75,0.0,4.0,4.0,6.0,0.0,0.0,2.0,0.0,15.0,8.8,-10.0
34.0,336.0,34.0,1/4/2025,MIN,@,DET,"L, 105-119",1,44:27:00,16.0,31.0,0.516,10.0,15.0,0.667,6.0,16.0,0.375,0.677,11.0,12.0,0.917,1.0,5.0,6.0,2.0,0.0,0.0,6.0,4.0,53.0,33.3,-3.0
35.0,337.0,35.0,1/6/2025,MIN,,LAC,"W, 108-106",1,37:10:00,14.0,29.0,0.483,6.0,13.0,0.462,8.0,16.0,0.5,0.586,3.0,4.0,0.75,1.0,6.0,7.0,8.0,1.0,0.0,2.0,2.0,37.0,28.2,4.0
36.0,338.0,36.0,1/7/2025,MIN,@,NOP,"W, 104-97",1,38:23:00,10.0,21.0,0.476,7.0,11.0,0.636,3.0,10.0,0.3,0.643,5.0,6.0,0.833,1.0,8.0,9.0,3.0,2.0,0.0,4.0,3.0,32.0,22.9,3.0
37.0,339.0,37.0,1/9/2025,MIN,@,ORL,"W, 104-89",1,36:22:00,5.0,19.0,0.263,4.0,11.0,0.364,1.0,8.0,0.125,0.368,7.0,9.0,0.778,1.0,2.0,3.0,7.0,2.0,0.0,2.0,2.0,21.0,14.3,20.0
38.0,340.0,38.0,1/11/2025,MIN,,MEM,"L, 125-127",1,39:18:00,4.0,13.0,0.308,0.0,5.0,0.0,4.0,8.0,0.5,0.308,7.0,7.0,1.0,0.0,5.0,5.0,6.0,1.0,0.0,6.0,3.0,15.0,7.0,-5.0
39.0,341.0,39.0,1/13/2025,MIN,@,WAS,"W, 120-106",1,36:24:00,14.0,25.0,0.56,5.0,11.0,0.455,9.0,14.0,0.643,0.66,8.0,8.0,1.0,2.0,4.0,6.0,7.0,3.0,1.0,7.0,2.0,41.0,32.5,18.0
40.0,342.0,40.0,1/15/2025,MIN,,GSW,"L, 115-116",1,40:54:00,7.0,19.0,0.368,4.0,9.0,0.444,3.0,10.0,0.3,0.474,10.0,11.0,0.909,1.0,7.0,8.0,2.0,1.0,1.0,5.0,1.0,28.0,17.6,-2.0
41.0,343.0,41.0,1/17/2025,MIN,@,NYK,"W, 116-99",1,37:49:00,12.0,21.0,0.571,8.0,13.0,0.615,4.0,8.0,0.5,0.762,4.0,4.0,1.0,2.0,11.0,13.0,7.0,0.0,0.0,6.0,0.0,36.0,29.7,24.0
42.0,344.0,42.0,1/18/2025,MIN,,CLE,"L, 117-124",1,41:02:00,9.0,22.0,0.409,4.0,9.0,0.444,5.0,13.0,0.385,0.5,6.0,6.0,1.0,0.0,3.0,3.0,5.0,1.0,1.0,2.0,2.0,28.0,19.5,-2.0
43.0,345.0,43.0,1/20/2025,MIN,@,MEM,"L, 106-108",1,37:41:00,8.0,19.0,0.421,3.0,8.0,0.375,5.0,11.0,0.455,0.5,13.0,18.0,0.722,1.0,3.0,4.0,3.0,0.0,1.0,5.0,1.0,32.0,18.9,-7.0
44.0,346.0,44.0,1/22/2025,MIN,@,DAL,"W, 115-114",1,36:30:00,6.0,19.0,0.316,2.0,7.0,0.286,4.0,12.0,0.333,0.368,7.0,8.0,0.875,1.0,4.0,5.0,7.0,0.0,0.0,3.0,0.0,21.0,13.5,-10.0
45.0,347.0,45.0,1/25/2025,MIN,,DEN,"W, 133-104",1,33:20:00,14.0,23.0,0.609,3.0,8.0,0.375,11.0,15.0,0.733,0.674,3.0,4.0,0.75,1.0,0.0,1.0,9.0,0.0,0.0,3.0,4.0,34.0,25.5,27.0
46.0,348.0,46.0,1/27/2025,MIN,,ATL,"W, 100-92",1,35:23:00,6.0,20.0,0.3,2.0,11.0,0.182,4.0,9.0,0.444,0.35,9.0,13.0,0.692,2.0,3.0,5.0,4.0,2.0,1.0,3.0,2.0,23.0,13.8,8.0
47.0,349.0,47.0,1/29/2025,MIN,@,PHO,"W, 121-113",1,39:57:00,11.0,20.0,0.55,3.0,8.0,0.375,8.0,12.0,0.667,0.625,8.0,9.0,0.889,0.0,7.0,7.0,5.0,2.0,4.0,7.0,2.0,33.0,25.6,10.0
48.0,350.0,48.0,1/30/2025,MIN,@,UTA,"W, 138-113",1,35:22:00,12.0,18.0,0.667,6.0,9.0,0.667,6.0,9.0,0.667,0.833,6.0,7.0,0.857,1.0,5.0,6.0,11.0,0.0,3.0,3.0,3.0,36.0,35.6,25.0
48.0,,49.0,2/1/2025,MIN,,WAS,"L, 103-105",Inactive,,,,,,,,,,,,,,,,,,,,,,,,,
49.0,351.0,50.0,2/3/2025,MIN,,SAC,"L, 114-116",1,37:32:00,7.0,21.0,0.333,3.0,10.0,0.3,4.0,11.0,0.364,0.405,4.0,4.0,1.0,1.0,5.0,6.0,4.0,2.0,1.0,3.0,3.0,21.0,12.6,0.0
50.0,352.0,51.0,2/5/2025,MIN,,CHI,"W, 127-108",1,36:51:00,13.0,28.0,0.464,6.0,14.0,0.429,7.0,14.0,0.5,0.571,17.0,18.0,0.944,3.0,6.0,9.0,3.0,1.0,1.0,5.0,2.0,49.0,36.1,17.0
51.0,353.0,52.0,2/6/2025,MIN,,HOU,"W, 127-114",1,38:27:00,11.0,25.0,0.44,5.0,12.0,0.417,6.0,13.0,0.462,0.54,14.0,15.0,0.933,2.0,5.0,7.0,6.0,0.0,1.0,4.0,3.0,41.0,30.1,9.0
51.0,,53.0,2/8/2025,MIN,,POR,"W, 114-98",Inactive,,,,,,,,,,,,,,,,,,,,,,,,,
52.0,354.0,54.0,2/10/2025,MIN,@,CLE,"L, 107-128",1,36:30:00,13.0,28.0,0.464,8.0,15.0,0.533,5.0,13.0,0.385,0.607,10.0,13.0,0.769,0.0,6.0,6.0,1.0,1.0,0.0,7.0,0.0,44.0,24.9,-12.0
53.0,355.0,55.0,2/12/2025,MIN,,MIL,"L, 101-103",1,37:01:00,10.0,33.0,0.303,4.0,17.0,0.235,6.0,16.0,0.375,0.364,4.0,5.0,0.8,0.0,7.0,7.0,4.0,2.0,0.0,2.0,0.0,28.0,13.4,0.0
54.0,356.0,56.0,2/13/2025,MIN,,OKC,"W, 116-101",1,36:17:00,5.0,18.0,0.278,3.0,12.0,0.25,2.0,6.0,0.333,0.361,10.0,11.0,0.909,1.0,6.0,7.0,7.0,3.0,0.0,2.0,0.0,23.0,20.4,10.0
55.0,357.0,57.0,2/21/2025,MIN,@,HOU,"L, 115-121",1,39:16:00,13.0,32.0,0.406,4.0,14.0,0.286,9.0,18.0,0.5,0.469,7.0,10.0,0.7,0.0,4.0,4.0,3.0,0.0,1.0,3.0,2.0,37.0,18.8,-11.0
56.0,358.0,58.0,2/23/2025,MIN,,OKC,"L, 123-130",1,38:38:00,8.0,21.0,0.381,4.0,13.0,0.308,4.0,8.0,0.5,0.476,9.0,10.0,0.9,2.0,8.0,10.0,7.0,2.0,0.0,5.0,3.0,29.0,21.6,-11.0
57.0,359.0,59.0,2/24/2025,MIN,@,OKC,"W, 131-128 (OT)",1,35:43:00,5.0,15.0,0.333,1.0,6.0,0.167,4.0,9.0,0.444,0.367,6.0,10.0,0.6,2.0,11.0,13.0,8.0,0.0,1.0,4.0,4.0,17.0,12.3,-7.0
58.0,360.0,60.0,2/27/2025,MIN,@,LAL,"L, 102-111",1,26:07:00,6.0,12.0,0.5,2.0,6.0,0.333,4.0,6.0,0.667,0.583,4.0,4.0,1.0,0.0,6.0,6.0,5.0,1.0,0.0,0.0,1.0,18.0,17.9,-13.0
58.0,,61.0,2/28/2025,MIN,@,UTA,"L, 116-117",Not With Team,,,,,,,,,,,,,,,,,,,,,,,,,
59.0,361.0,62.0,3/2/2025,MIN,@,PHO,"W, 116-98",1,36:16:00,12.0,22.0,0.545,6.0,14.0,0.429,6.0,8.0,0.75,0.682,14.0,14.0,1.0,0.0,5.0,5.0,7.0,2.0,0.0,1.0,0.0,44.0,40.8,22.0
60.0,362.0,63.0,3/4/2025,MIN,,PHI,"W, 126-112",1,29:54:00,5.0,11.0,0.455,2.0,6.0,0.333,3.0,5.0,0.6,0.545,6.0,7.0,0.857,0.0,5.0,5.0,1.0,0.0,0.0,2.0,2.0,18.0,11.3,-3.0
61.0,363.0,64.0,3/5/2025,MIN,@,CHO,"W, 125-110",1,38:13:00,9.0,20.0,0.45,6.0,13.0,0.462,3.0,7.0,0.429,0.6,5.0,8.0,0.625,0.0,3.0,3.0,6.0,2.0,1.0,0.0,2.0,29.0,24.4,12.0
62.0,364.0,65.0,3/7/2025,MIN,@,MIA,"W, 106-104",1,38:52:00,4.0,10.0,0.4,3.0,8.0,0.375,1.0,2.0,0.5,0.55,2.0,4.0,0.5,1.0,12.0,13.0,6.0,0.0,0.0,2.0,1.0,13.0,12.9,0.0
63.0,365.0,66.0,3/9/2025,MIN,,SAS,"W, 141-124",1,30:12:00,10.0,15.0,0.667,2.0,5.0,0.4,8.0,10.0,0.8,0.733,3.0,3.0,1.0,1.0,2.0,3.0,3.0,1.0,0.0,3.0,0.0,25.0,19.9,11.0
64.0,366.0,67.0,3/12/2025,MIN,@,DEN,"W, 115-95",1,34:40:00,10.0,22.0,0.455,5.0,12.0,0.417,5.0,10.0,0.5,0.568,4.0,5.0,0.8,0.0,4.0,4.0,6.0,1.0,0.0,3.0,2.0,29.0,19.8,10.0
65.0,367.0,68.0,3/14/2025,MIN,,ORL,"W, 118-111",1,39:02:00,9.0,19.0,0.474,3.0,8.0,0.375,6.0,11.0,0.545,0.553,7.0,8.0,0.875,0.0,4.0,4.0,5.0,0.0,1.0,3.0,2.0,28.0,19.5,-5.0
66.0,368.0,69.0,3/16/2025,MIN,,UTA,"W, 128-102",1,30:36:00,16.0,27.0,0.593,5.0,14.0,0.357,11.0,13.0,0.846,0.685,4.0,6.0,0.667,0.0,2.0,2.0,2.0,1.0,0.0,1.0,1.0,41.0,29.3,31.0
67.0,369.0,70.0,3/17/2025,MIN,,IND,"L, 130-132 (OT)",1,41:07:00,9.0,24.0,0.375,1.0,11.0,0.091,8.0,13.0,0.615,0.396,19.0,20.0,0.95,0.0,3.0,3.0,5.0,2.0,2.0,3.0,3.0,38.0,28.0,-7.0
68.0,370.0,71.0,3/19/2025,MIN,,NOP,"L, 115-119",1,37:43:00,5.0,19.0,0.263,4.0,10.0,0.4,1.0,9.0,0.111,0.368,15.0,17.0,0.882,2.0,4.0,6.0,4.0,1.0,1.0,2.0,0.0,29.0,22.0,-6.0
69.0,371.0,72.0,3/21/2025,MIN,,NOP,"W, 134-93",1,25:34:00,6.0,13.0,0.462,3.0,7.0,0.429,3.0,6.0,0.5,0.577,2.0,2.0,1.0,2.0,1.0,3.0,5.0,2.0,0.0,3.0,0.0,17.0,14.5,21.0
70.0,372.0,73.0,3/24/2025,MIN,@,IND,"L, 103-119",1,34:11:00,7.0,19.0,0.368,1.0,11.0,0.091,6.0,8.0,0.75,0.395,2.0,3.0,0.667,0.0,2.0,2.0,4.0,1.0,0.0,3.0,2.0,17.0,6.7,-24.0
71.0,373.0,74.0,3/28/2025,MIN,,PHO,"W, 124-109",1,27:38:00,8.0,19.0,0.421,4.0,10.0,0.4,4.0,9.0,0.444,0.526,0.0,0.0,,3.0,1.0,4.0,5.0,1.0,0.0,2.0,1.0,20.0,14.4,9.0
72.0,374.0,75.0,3/30/2025,MIN,,DET,"W, 123-104",1,36:13:00,9.0,19.0,0.474,4.0,10.0,0.4,5.0,9.0,0.556,0.579,3.0,4.0,0.75,0.0,6.0,6.0,4.0,0.0,2.0,4.0,4.0,25.0,15.3,5.0
73.0,375.0,76.0,4/1/2025,MIN,@,DEN,"W, 140-139 (2OT)",1,50:29:00,12.0,25.0,0.48,5.0,15.0,0.333,7.0,10.0,0.7,0.58,5.0,7.0,0.714,1.0,9.0,10.0,8.0,1.0,0.0,5.0,4.0,34.0,23.9,8.0
74.0,376.0,77.0,4/3/2025,MIN,@,BRK,"W, 105-90",1,32:00:00,10.0,15.0,0.667,5.0,10.0,0.5,5.0,5.0,1.0,0.833,3.0,5.0,0.6,1.0,4.0,5.0,3.0,2.0,1.0,2.0,3.0,28.0,24.2,17.0
75.0,377.0,78.0,4/5/2025,MIN,@,PHI,"W, 114-109",1,38:12:00,12.0,21.0,0.571,6.0,13.0,0.462,6.0,8.0,0.75,0.714,7.0,8.0,0.875,1.0,1.0,2.0,2.0,1.0,1.0,2.0,1.0,37.0,28.4,-4.0
76.0,378.0,79.0,4/8/2025,MIN,@,MIL,"L, 103-110",1,39:01:00,10.0,27.0,0.37,2.0,11.0,0.182,8.0,16.0,0.5,0.407,3.0,3.0,1.0,1.0,6.0,7.0,4.0,1.0,1.0,2.0,4.0,25.0,13.5,-4.0
77.0,379.0,80.0,4/10/2025,MIN,@,MEM,"W, 141-125",1,37:46:00,13.0,19.0,0.684,7.0,11.0,0.636,6.0,8.0,0.75,0.868,11.0,13.0,0.846,1.0,4.0,5.0,3.0,1.0,1.0,5.0,3.0,44.0,34.6,15.0
78.0,380.0,81.0,4/11/2025,MIN,,BRK,"W, 117-91",1,30:31:00,4.0,11.0,0.364,1.0,7.0,0.143,3.0,4.0,0.75,0.409,0.0,0.0,,0.0,4.0,4.0,5.0,1.0,2.0,0.0,3.0,9.0,8.8,16.0
79.0,381.0,82.0,4/13/2025,MIN,,UTA,"W, 116-105",1,40:15:00,15.0,31.0,0.484,7.0,18.0,0.389,8.0,13.0,0.615,0.597,6.0,7.0,0.857,0.0,6.0,6.0,5.0,3.0,1.0,2.0,1.0,43.0,33.5,20.0
,,,,,,,,,,,,,,,,,,,,,,,,,,,,,,,,,
1.0,224.0,1.0,10/25/2023,MIN,@,TOR,"L, 94-97",1,38:18:00,8.0,27.0,0.296,4.0,7.0,0.571,4.0,20.0,0.2,0.37,6.0,6.0,1.0,5.0,9.0,14.0,1.0,0.0,0.0,2.0,1.0,26.0,14.8,0.0
2.0,225.0,2.0,10/28/2023,MIN,,MIA,"W, 106-90",1,33:22:00,7.0,15.0,0.467,3.0,5.0,0.6,4.0,10.0,0.4,0.567,2.0,2.0,1.0,0.0,2.0,2.0,7.0,0.0,0.0,2.0,3.0,19.0,13.6,21.0
3.0,226.0,3.0,10/30/2023,MIN,@,ATL,"L, 113-127",1,37:47:00,13.0,21.0,0.619,5.0,8.0,0.625,8.0,13.0,0.615,0.738,0.0,1.0,0.0,0.0,5.0,5.0,7.0,1.0,0.0,5.0,4.0,31.0,21.9,-9.0
4.0,227.0,4.0,11/1/2023,MIN,,DEN,"W, 110-89",1,31:50:00,8.0,16.0,0.5,1.0,4.0,0.25,7.0,12.0,0.583,0.531,7.0,8.0,0.875,0.0,2.0,2.0,1.0,2.0,0.0,4.0,1.0,24.0,14.5,11.0
5.0,228.0,5.0,11/4/2023,MIN,,UTA,"W, 123-95",1,35:44:00,13.0,19.0,0.684,2.0,4.0,0.5,11.0,15.0,0.733,0.737,3.0,5.0,0.6,0.0,8.0,8.0,6.0,1.0,0.0,6.0,0.0,31.0,23.7,27.0
6.0,229.0,6.0,11/6/2023,MIN,,BOS,"W, 114-109 (OT)",1,38:08:00,15.0,25.0,0.6,2.0,8.0,0.25,13.0,17.0,0.765,0.64,6.0,7.0,0.857,0.0,9.0,9.0,7.0,1.0,0.0,3.0,5.0,38.0,29.7,18.0
7.0,230.0,7.0,11/8/2023,MIN,,NOP,"W, 122-101",1,33:04:00,10.0,22.0,0.455,2.0,8.0,0.25,8.0,14.0,0.571,0.5,4.0,5.0,0.8,0.0,3.0,3.0,8.0,3.0,2.0,3.0,1.0,26.0,21.7,35.0
8.0,231.0,8.0,11/10/2023,MIN,@,SAS,"W, 117-110",1,37:07:00,9.0,21.0,0.429,2.0,8.0,0.25,7.0,13.0,0.538,0.476,8.0,11.0,0.727,2.0,5.0,7.0,5.0,2.0,1.0,4.0,1.0,28.0,20.4,3.0
9.0,232.0,9.0,11/12/2023,MIN,@,GSW,"W, 116-110",1,37:46:00,11.0,27.0,0.407,1.0,9.0,0.111,10.0,18.0,0.556,0.426,10.0,10.0,1.0,1.0,5.0,6.0,7.0,2.0,0.0,4.0,0.0,33.0,23.6,15.0
10.0,233.0,10.0,11/14/2023,MIN,@,GSW,"W, 104-101",1,36:18:00,7.0,16.0,0.438,3.0,6.0,0.5,4.0,10.0,0.4,0.531,3.0,5.0,0.6,0.0,4.0,4.0,4.0,3.0,0.0,5.0,1.0,20.0,12.4,-9.0
11.0,234.0,11.0,11/15/2023,MIN,@,PHO,"L, 115-133",1,30:31:00,4.0,16.0,0.25,1.0,3.0,0.333,3.0,13.0,0.231,0.281,4.0,4.0,1.0,1.0,3.0,4.0,4.0,1.0,1.0,1.0,0.0,13.0,8.5,-29.0
12.0,235.0,12.0,11/18/2023,MIN,@,NOP,"W, 121-120",1,30:08:00,9.0,19.0,0.474,5.0,10.0,0.5,4.0,9.0,0.444,0.605,0.0,0.0,,0.0,3.0,3.0,4.0,0.0,0.0,3.0,6.0,23.0,11.6,13.0
13.0,236.0,13.0,11/20/2023,MIN,,NYK,"W, 117-100",1,39:08:00,9.0,21.0,0.429,1.0,6.0,0.167,8.0,15.0,0.533,0.452,4.0,4.0,1.0,2.0,8.0,10.0,5.0,2.0,0.0,3.0,1.0,23.0,17.8,9.0
14.0,237.0,14.0,11/22/2023,MIN,,PHI,"W, 112-99",1,35:48:00,11.0,22.0,0.5,5.0,9.0,0.556,6.0,13.0,0.462,0.614,4.0,4.0,1.0,2.0,4.0,6.0,6.0,2.0,0.0,2.0,2.0,31.0,26.0,19.0
15.0,238.0,15.0,11/24/2023,MIN,,SAC,"L, 111-124",1,39:32:00,8.0,21.0,0.381,2.0,9.0,0.222,6.0,12.0,0.5,0.429,17.0,18.0,0.944,0.0,7.0,7.0,5.0,2.0,2.0,4.0,2.0,35.0,27.3,5.0
16.0,239.0,16.0,11/26/2023,MIN,@,MEM,"W, 119-97",1,33:59:00,8.0,14.0,0.571,1.0,4.0,0.25,7.0,10.0,0.7,0.607,7.0,7.0,1.0,0.0,5.0,5.0,7.0,0.0,1.0,2.0,3.0,24.0,21.3,23.0
17.0,240.0,17.0,11/28/2023,MIN,,OKC,"W, 106-103",1,28:01:00,7.0,16.0,0.438,3.0,6.0,0.5,4.0,10.0,0.4,0.531,4.0,6.0,0.667,0.0,5.0,5.0,1.0,0.0,1.0,2.0,2.0,21.0,11.9,0.0
17.0,,18.0,11/30/2023,MIN,,UTA,"W, 101-90",Inactive,,,,,,,,,,,,,,,,,,,,,,,,,
17.0,,19.0,12/2/2023,MIN,@,CHO,"W, 123-117",Inactive,,,,,,,,,,,,,,,,,,,,,,,,,
18.0,241.0,20.0,12/6/2023,MIN,,SAS,"W, 102-94",1,36:53:00,4.0,17.0,0.235,2.0,5.0,0.4,2.0,12.0,0.167,0.294,7.0,8.0,0.875,1.0,6.0,7.0,6.0,1.0,1.0,3.0,2.0,17.0,10.9,14.0
19.0,242.0,21.0,12/8/2023,MIN,@,MEM,"W, 127-103",1,3:43,0.0,1.0,0.0,0.0,0.0,,0.0,1.0,0.0,0.0,0.0,0.0,,0.0,0.0,0.0,1.0,0.0,0.0,0.0,0.0,0.0,0.0,-3.0
19.0,,22.0,12/11/2023,MIN,@,NOP,"L, 107-121",Inactive,,,,,,,,,,,,,,,,,,,,,,,,,
20.0,243.0,23.0,12/14/2023,MIN,@,DAL,"W, 119-101",1,34:34:00,3.0,19.0,0.158,0.0,3.0,0.0,3.0,16.0,0.188,0.158,3.0,6.0,0.5,1.0,1.0,2.0,11.0,2.0,0.0,5.0,2.0,9.0,0.6,20.0
21.0,244.0,24.0,12/16/2023,MIN,,IND,"W, 127-109",1,33:38:00,14.0,23.0,0.609,7.0,10.0,0.7,7.0,13.0,0.538,0.761,2.0,2.0,1.0,0.0,2.0,2.0,4.0,3.0,0.0,4.0,3.0,37.0,27.7,17.0
22.0,245.0,25.0,12/18/2023,MIN,@,MIA,"W, 112-108",1,39:59:00,13.0,25.0,0.52,2.0,9.0,0.222,11.0,16.0,0.688,0.56,4.0,4.0,1.0,0.0,8.0,8.0,5.0,3.0,2.0,1.0,1.0,32.0,28.6,6.0
23.0,246.0,26.0,12/20/2023,MIN,@,PHI,"L, 113-127",1,36:16:00,9.0,20.0,0.45,2.0,6.0,0.333,7.0,14.0,0.5,0.5,7.0,8.0,0.875,1.0,6.0,7.0,5.0,0.0,0.0,1.0,2.0,27.0,20.4,-10.0
24.0,247.0,27.0,12/21/2023,MIN,,LAL,"W, 118-111",1,38:18:00,9.0,19.0,0.474,2.0,6.0,0.333,7.0,13.0,0.538,0.526,7.0,8.0,0.875,0.0,7.0,7.0,5.0,3.0,1.0,5.0,0.0,27.0,21.2,2.0
25.0,248.0,28.0,12/23/2023,MIN,@,SAC,"W, 110-98",1,39:05:00,13.0,27.0,0.481,3.0,12.0,0.25,10.0,15.0,0.667,0.537,5.0,5.0,1.0,0.0,5.0,5.0,10.0,1.0,1.0,5.0,1.0,34.0,25.1,8.0
26.0,249.0,29.0,12/26/2023,MIN,@,OKC,"L, 106-129",1,34:06:00,7.0,16.0,0.438,2.0,5.0,0.4,5.0,11.0,0.455,0.5,9.0,13.0,0.692,1.0,6.0,7.0,6.0,1.0,0.0,4.0,3.0,25.0,17.5,-17.0
27.0,250.0,30.0,12/28/2023,MIN,,DAL,"W, 118-110",1,37:52:00,12.0,23.0,0.522,6.0,11.0,0.545,6.0,12.0,0.5,0.652,14.0,18.0,0.778,0.0,3.0,3.0,4.0,3.0,1.0,6.0,2.0,44.0,31.7,11.0
28.0,251.0,31.0,12/30/2023,MIN,,LAL,"W, 108-106",1,38:09:00,10.0,23.0,0.435,2.0,8.0,0.25,8.0,15.0,0.533,0.478,9.0,11.0,0.818,0.0,3.0,3.0,3.0,0.0,3.0,3.0,3.0,31.0,19.0,8.0
29.0,252.0,32.0,1/1/2024,MIN,@,NYK,"L, 106-112",1,37:31:00,11.0,21.0,0.524,4.0,9.0,0.444,7.0,12.0,0.583,0.619,9.0,10.0,0.9,0.0,4.0,4.0,2.0,0.0,2.0,4.0,1.0,35.0,23.9,2.0
30.0,253.0,33.0,1/3/2024,MIN,,NOP,"L, 106-117",1,37:04:00,11.0,22.0,0.5,4.0,7.0,0.571,7.0,15.0,0.467,0.591,9.0,10.0,0.9,2.0,2.0,4.0,5.0,1.0,1.0,6.0,1.0,35.0,24.4,-15.0
31.0,254.0,34.0,1/5/2024,MIN,@,HOU,"W, 122-95",1,32:33:00,8.0,17.0,0.471,2.0,5.0,0.4,6.0,12.0,0.5,0.529,6.0,6.0,1.0,0.0,3.0,3.0,5.0,2.0,0.0,5.0,2.0,24.0,15.9,14.0
32.0,255.0,35.0,1/7/2024,MIN,@,DAL,"L, 108-115",1,36:55:00,14.0,27.0,0.519,3.0,6.0,0.5,11.0,21.0,0.524,0.574,5.0,7.0,0.714,5.0,5.0,10.0,3.0,3.0,1.0,2.0,3.0,36.0,29.5,-5.0
33.0,256.0,36.0,1/9/2024,MIN,@,ORL,"W, 113-92",1,25:37:00,2.0,7.0,0.286,0.0,2.0,0.0,2.0,5.0,0.4,0.286,2.0,3.0,0.667,1.0,3.0,4.0,3.0,0.0,0.0,5.0,3.0,6.0,-1.0,1.0
34.0,257.0,37.0,1/10/2024,MIN,@,BOS,"L, 120-127 (OT)",1,45:43:00,11.0,25.0,0.44,3.0,6.0,0.5,8.0,19.0,0.421,0.5,4.0,4.0,1.0,0.0,6.0,6.0,3.0,0.0,0.0,5.0,1.0,29.0,14.4,-1.0
35.0,258.0,38.0,1/12/2024,MIN,,POR,"W, 116-93",1,27:18:00,4.0,9.0,0.444,0.0,3.0,0.0,4.0,6.0,0.667,0.444,1.0,2.0,0.5,0.0,3.0,3.0,6.0,1.0,1.0,0.0,2.0,9.0,9.9,41.0
36.0,259.0,39.0,1/14/2024,MIN,,LAC,"W, 109-105",1,38:13:00,10.0,16.0,0.625,2.0,4.0,0.5,8.0,12.0,0.667,0.688,11.0,12.0,0.917,1.0,8.0,9.0,6.0,2.0,0.0,5.0,1.0,33.0,29.3,13.0
37.0,260.0,40.0,1/17/2024,MIN,@,DET,"W, 124-117",1,33:29:00,10.0,24.0,0.417,3.0,8.0,0.375,7.0,16.0,0.438,0.479,4.0,4.0,1.0,0.0,5.0,5.0,8.0,0.0,0.0,3.0,3.0,27.0,17.1,5.0
38.0,261.0,41.0,1/18/2024,MIN,,MEM,"W, 118-103",1,34:27:00,11.0,19.0,0.579,1.0,6.0,0.167,10.0,13.0,0.769,0.605,5.0,6.0,0.833,0.0,5.0,5.0,5.0,1.0,0.0,3.0,2.0,28.0,20.9,10.0
39.0,262.0,42.0,1/20/2024,MIN,,OKC,"L, 97-102",1,38:00:00,6.0,10.0,0.6,1.0,3.0,0.333,5.0,7.0,0.714,0.65,6.0,10.0,0.6,0.0,5.0,5.0,5.0,0.0,0.0,5.0,2.0,19.0,12.0,-13.0
40.0,263.0,43.0,1/22/2024,MIN,,CHO,"L, 125-128",1,36:38:00,3.0,11.0,0.273,1.0,5.0,0.2,2.0,6.0,0.333,0.318,2.0,2.0,1.0,0.0,5.0,5.0,11.0,0.0,0.0,1.0,1.0,9.0,10.3,7.0
41.0,264.0,44.0,1/24/2024,MIN,@,WAS,"W, 118-107",1,34:02:00,11.0,28.0,0.393,3.0,10.0,0.3,8.0,18.0,0.444,0.446,13.0,14.0,0.929,1.0,2.0,3.0,5.0,1.0,0.0,4.0,4.0,38.0,22.6,8.0
42.0,265.0,45.0,1/25/2024,MIN,@,BRK,"W, 96-94",1,35:41:00,8.0,23.0,0.348,3.0,7.0,0.429,5.0,16.0,0.313,0.413,5.0,6.0,0.833,0.0,1.0,1.0,3.0,1.0,0.0,3.0,3.0,24.0,9.9,-5.0
43.0,266.0,46.0,1/27/2024,MIN,@,SAS,"L, 112-113",1,38:24:00,12.0,18.0,0.667,6.0,8.0,0.75,6.0,10.0,0.6,0.833,2.0,4.0,0.5,1.0,5.0,6.0,12.0,1.0,0.0,4.0,0.0,32.0,31.0,7.0
44.0,267.0,47.0,1/29/2024,MIN,@,OKC,"W, 107-101",1,40:22:00,10.0,20.0,0.5,3.0,5.0,0.6,7.0,15.0,0.467,0.575,4.0,4.0,1.0,0.0,4.0,4.0,4.0,1.0,0.0,4.0,4.0,27.0,16.4,-1.0
45.0,268.0,48.0,1/31/2024,MIN,,DAL,"W, 121-87",1,29:56:00,3.0,5.0,0.6,1.0,2.0,0.5,2.0,3.0,0.667,0.7,2.0,2.0,1.0,0.0,5.0,5.0,5.0,0.0,0.0,2.0,1.0,9.0,9.3,18.0
46.0,269.0,49.0,2/2/2024,MIN,,ORL,"L, 106-108",1,35:28:00,9.0,18.0,0.5,2.0,8.0,0.25,7.0,10.0,0.7,0.556,2.0,3.0,0.667,0.0,1.0,1.0,5.0,1.0,0.0,3.0,1.0,22.0,14.0,6.0
47.0,270.0,50.0,2/4/2024,MIN,,HOU,"W, 111-90",1,33:30:00,11.0,22.0,0.5,4.0,8.0,0.5,7.0,14.0,0.5,0.591,6.0,8.0,0.75,1.0,5.0,6.0,1.0,1.0,1.0,4.0,3.0,32.0,19.6,27.0
48.0,271.0,51.0,2/6/2024,MIN,@,CHI,"L, 123-129 (OT)",1,43:33:00,12.0,26.0,0.462,5.0,9.0,0.556,7.0,17.0,0.412,0.558,9.0,11.0,0.818,0.0,12.0,12.0,5.0,2.0,1.0,5.0,5.0,38.0,26.6,-4.0
49.0,272.0,52.0,2/8/2024,MIN,@,MIL,"W, 129-105",1,35:39:00,9.0,20.0,0.45,4.0,11.0,0.364,5.0,9.0,0.556,0.55,4.0,6.0,0.667,0.0,3.0,3.0,9.0,1.0,0.0,0.0,3.0,26.0,21.8,16.0
50.0,273.0,53.0,2/12/2024,MIN,@,LAC,"W, 121-100",1,32:24:00,8.0,18.0,0.444,1.0,11.0,0.091,7.0,7.0,1.0,0.472,6.0,6.0,1.0,0.0,7.0,7.0,8.0,1.0,0.0,1.0,2.0,23.0,20.5,18.0
51.0,274.0,54.0,2/13/2024,MIN,@,POR,"W, 121-109",1,34:18:00,16.0,27.0,0.593,4.0,8.0,0.5,12.0,19.0,0.632,0.667,5.0,5.0,1.0,0.0,4.0,4.0,2.0,2.0,1.0,2.0,1.0,41.0,31.4,16.0
52.0,275.0,55.0,2/15/2024,MIN,@,POR,"W, 128-91",1,32:37:00,12.0,21.0,0.571,3.0,7.0,0.429,9.0,14.0,0.643,0.643,7.0,8.0,0.875,1.0,5.0,6.0,7.0,2.0,1.0,1.0,1.0,34.0,32.1,36.0
53.0,276.0,56.0,2/23/2024,MIN,,MIL,"L, 107-112",1,37:51:00,10.0,27.0,0.37,4.0,12.0,0.333,6.0,15.0,0.4,0.444,4.0,6.0,0.667,0.0,9.0,9.0,5.0,1.0,0.0,3.0,2.0,28.0,15.7,-16.0
54.0,277.0,57.0,2/24/2024,MIN,,BRK,"W, 101-86",1,37:50:00,11.0,23.0,0.478,1.0,3.0,0.333,10.0,20.0,0.5,0.5,6.0,9.0,0.667,0.0,8.0,8.0,3.0,2.0,1.0,1.0,0.0,29.0,22.3,16.0
55.0,278.0,58.0,2/27/2024,MIN,,SAS,"W, 114-105",1,33:05:00,13.0,29.0,0.448,4.0,10.0,0.4,9.0,19.0,0.474,0.517,4.0,4.0,1.0,1.0,4.0,5.0,5.0,4.0,1.0,4.0,0.0,34.0,25.0,5.0
56.0,279.0,59.0,2/28/2024,MIN,,MEM,"W, 110-101",1,39:32:00,11.0,21.0,0.524,1.0,6.0,0.167,10.0,15.0,0.667,0.548,11.0,11.0,1.0,0.0,2.0,2.0,4.0,0.0,1.0,3.0,3.0,34.0,23.6,8.0
57.0,280.0,60.0,3/1/2024,MIN,,SAC,"L, 120-124 (OT)",1,18:48,2.0,11.0,0.182,1.0,3.0,0.333,1.0,8.0,0.125,0.227,6.0,6.0,1.0,0.0,2.0,2.0,2.0,0.0,1.0,1.0,0.0,11.0,5.8,-3.0
58.0,281.0,61.0,3/3/2024,MIN,,LAC,"L, 88-89",1,36:43:00,9.0,20.0,0.45,3.0,10.0,0.3,6.0,10.0,0.6,0.525,6.0,6.0,1.0,0.0,5.0,5.0,2.0,3.0,0.0,3.0,1.0,27.0,19.1,10.0
59.0,282.0,62.0,3/4/2024,MIN,,POR,"W, 119-114",0,34:42:00,4.0,10.0,0.4,1.0,3.0,0.333,3.0,7.0,0.429,0.45,4.0,6.0,0.667,0.0,4.0,4.0,6.0,1.0,0.0,2.0,2.0,13.0,10.4,8.0
60.0,283.0,63.0,3/7/2024,MIN,@,IND,"W, 113-111",1,38:36:00,18.0,35.0,0.514,3.0,7.0,0.429,15.0,28.0,0.536,0.557,5.0,8.0,0.625,2.0,4.0,6.0,3.0,2.0,2.0,0.0,1.0,44.0,33.2,2.0
61.0,284.0,64.0,3/8/2024,MIN,@,CLE,"L, 104-113 (OT)",1,42:22:00,7.0,27.0,0.259,0.0,7.0,0.0,7.0,20.0,0.35,0.259,5.0,5.0,1.0,1.0,4.0,5.0,3.0,1.0,1.0,5.0,3.0,19.0,2.4,-20.0
62.0,285.0,65.0,3/10/2024,MIN,@,LAL,"L, 109-120",1,39:53:00,10.0,23.0,0.435,2.0,9.0,0.222,8.0,14.0,0.571,0.478,3.0,4.0,0.75,1.0,6.0,7.0,7.0,2.0,2.0,3.0,2.0,25.0,19.5,-14.0
63.0,286.0,66.0,3/12/2024,MIN,@,LAC,"W, 118-100",1,36:30:00,15.0,29.0,0.517,2.0,8.0,0.25,13.0,21.0,0.619,0.552,5.0,7.0,0.714,2.0,6.0,8.0,4.0,1.0,0.0,2.0,3.0,37.0,25.7,22.0
64.0,287.0,67.0,3/16/2024,MIN,@,UTA,"W, 119-100",1,35:12:00,12.0,20.0,0.6,5.0,7.0,0.714,7.0,13.0,0.538,0.725,2.0,3.0,0.667,1.0,9.0,10.0,5.0,3.0,3.0,4.0,1.0,31.0,29.0,16.0
65.0,288.0,68.0,3/18/2024,MIN,@,UTA,"W, 114-104",1,37:51:00,13.0,23.0,0.565,2.0,8.0,0.25,11.0,15.0,0.733,0.609,4.0,4.0,1.0,1.0,6.0,7.0,8.0,1.0,2.0,3.0,2.0,32.0,27.8,-1.0
66.0,289.0,69.0,3/19/2024,MIN,,DEN,"L, 112-115",1,37:40:00,13.0,26.0,0.5,3.0,8.0,0.375,10.0,18.0,0.556,0.558,1.0,2.0,0.5,1.0,7.0,8.0,8.0,2.0,0.0,3.0,1.0,30.0,23.6,-8.0
67.0,290.0,70.0,3/22/2024,MIN,,CLE,"W, 104-91",1,34:43:00,6.0,17.0,0.353,1.0,1.0,1.0,5.0,16.0,0.313,0.382,3.0,4.0,0.75,2.0,11.0,13.0,5.0,0.0,0.0,3.0,1.0,16.0,10.9,12.0
68.0,291.0,71.0,3/24/2024,MIN,,GSW,"W, 114-110",1,37:33:00,7.0,18.0,0.389,4.0,8.0,0.5,3.0,10.0,0.3,0.5,5.0,8.0,0.625,0.0,6.0,6.0,8.0,0.0,0.0,2.0,1.0,23.0,17.0,-9.0
69.0,292.0,72.0,3/27/2024,MIN,,DET,"W, 106-91",1,29:11:00,4.0,11.0,0.364,1.0,4.0,0.25,3.0,7.0,0.429,0.409,0.0,2.0,0.0,1.0,2.0,3.0,5.0,1.0,0.0,3.0,0.0,9.0,4.9,9.0
70.0,293.0,73.0,3/29/2024,MIN,@,DEN,"W, 111-98",1,39:20:00,8.0,19.0,0.421,0.0,8.0,0.0,8.0,11.0,0.727,0.421,9.0,10.0,0.9,1.0,3.0,4.0,5.0,3.0,0.0,2.0,2.0,25.0,19.8,11.0
71.0,294.0,74.0,3/31/2024,MIN,,CHI,"L, 101-109",1,36:07:00,9.0,20.0,0.45,0.0,5.0,0.0,9.0,15.0,0.6,0.45,4.0,6.0,0.667,2.0,9.0,11.0,5.0,0.0,1.0,6.0,1.0,22.0,12.7,-10.0
72.0,295.0,75.0,4/2/2024,MIN,,HOU,"W, 113-106",1,36:12:00,5.0,16.0,0.313,0.0,6.0,0.0,5.0,10.0,0.5,0.313,11.0,11.0,1.0,1.0,4.0,5.0,3.0,2.0,0.0,3.0,1.0,21.0,14.4,0.0
73.0,296.0,76.0,4/3/2024,MIN,,TOR,"W, 133-85",1,30:07:00,10.0,23.0,0.435,5.0,12.0,0.417,5.0,11.0,0.455,0.543,3.0,5.0,0.6,0.0,3.0,3.0,6.0,2.0,0.0,0.0,0.0,28.0,22.2,26.0
74.0,297.0,77.0,4/5/2024,MIN,@,PHO,"L, 87-97",1,32:35:00,6.0,19.0,0.316,2.0,6.0,0.333,4.0,13.0,0.308,0.368,3.0,3.0,1.0,3.0,5.0,8.0,3.0,3.0,0.0,4.0,3.0,17.0,9.6,-13.0
75.0,298.0,78.0,4/7/2024,MIN,@,LAL,"W, 127-117",1,34:44:00,9.0,20.0,0.45,3.0,8.0,0.375,6.0,12.0,0.5,0.525,5.0,5.0,1.0,0.0,1.0,1.0,8.0,1.0,0.0,1.0,1.0,26.0,21.1,2.0
76.0,299.0,79.0,4/9/2024,MIN,,WAS,"W, 130-121",1,37:34:00,17.0,29.0,0.586,6.0,13.0,0.462,11.0,16.0,0.688,0.69,11.0,11.0,1.0,1.0,5.0,6.0,7.0,0.0,0.0,2.0,0.0,51.0,42.6,6.0
77.0,300.0,80.0,4/10/2024,MIN,@,DEN,"L, 107-116",1,34:52:00,9.0,18.0,0.5,2.0,6.0,0.333,7.0,12.0,0.583,0.556,5.0,7.0,0.714,0.0,2.0,2.0,4.0,0.0,0.0,1.0,1.0,25.0,17.2,-16.0
78.0,301.0,81.0,4/12/2024,MIN,,ATL,"W, 109-106",1,27:16:00,4.0,12.0,0.333,0.0,5.0,0.0,4.0,7.0,0.571,0.333,6.0,6.0,1.0,0.0,4.0,4.0,4.0,2.0,0.0,3.0,4.0,14.0,8.6,0.0
79.0,302.0,82.0,4/14/2024,MIN,,PHO,"L, 106-125",1,35:10:00,3.0,7.0,0.429,0.0,2.0,0.0,3.0,5.0,0.6,0.429,7.0,8.0,0.875,1.0,5.0,6.0,4.0,1.0,1.0,5.0,3.0,13.0,9.4,-21.0
,,,,,,,,,,,,,,,,,,,,,,,,,,,,,,,,,
1.0,145.0,1.0,10/19/2022,MIN,,OKC,"W, 115-108",1,31:45:00,4.0,17.0,0.235,1.0,7.0,0.143,3.0,10.0,0.3,0.265,2.0,4.0,0.5,1.0,7.0,8.0,7.0,0.0,0.0,2.0,5.0,11.0,3.6,8.0
2.0,146.0,2.0,10/21/2022,MIN,,UTA,"L, 126-132 (OT)",1,41:16:00,12.0,23.0,0.522,3.0,9.0,0.333,9.0,14.0,0.643,0.587,3.0,5.0,0.6,1.0,4.0,5.0,2.0,0.0,1.0,5.0,0.0,30.0,16.9,-6.0
3.0,147.0,3.0,10/23/2022,MIN,@,OKC,"W, 116-106",1,33:32:00,13.0,19.0,0.684,3.0,7.0,0.429,10.0,12.0,0.833,0.763,1.0,3.0,0.333,2.0,9.0,11.0,3.0,1.0,0.0,4.0,4.0,30.0,22.7,22.0
4.0,148.0,4.0,10/24/2022,MIN,,SAS,"L, 106-115",1,35:22:00,3.0,15.0,0.2,1.0,8.0,0.125,2.0,7.0,0.286,0.233,2.0,3.0,0.667,0.0,10.0,10.0,2.0,0.0,0.0,3.0,1.0,9.0,0.3,-14.0
5.0,149.0,5.0,10/26/2022,MIN,,SAS,"W, 134-122",1,38:26:00,12.0,21.0,0.571,7.0,12.0,0.583,5.0,9.0,0.556,0.738,3.0,4.0,0.75,0.0,3.0,3.0,9.0,2.0,0.0,5.0,3.0,34.0,26.7,16.0
6.0,150.0,6.0,10/28/2022,MIN,,LAL,"W, 111-102",1,38:11:00,11.0,22.0,0.5,3.0,8.0,0.375,8.0,14.0,0.571,0.568,4.0,6.0,0.667,0.0,4.0,4.0,2.0,1.0,0.0,2.0,4.0,29.0,17.2,4.0
7.0,151.0,7.0,10/30/2022,MIN,@,SAS,"L, 98-107",1,36:18:00,7.0,18.0,0.389,1.0,4.0,0.25,6.0,14.0,0.429,0.417,3.0,3.0,1.0,0.0,2.0,2.0,6.0,2.0,1.0,1.0,4.0,18.0,13.1,-3.0
8.0,152.0,8.0,11/1/2022,MIN,@,PHO,"L, 107-116",1,39:53:00,8.0,21.0,0.381,5.0,10.0,0.5,3.0,11.0,0.273,0.5,3.0,5.0,0.6,0.0,6.0,6.0,1.0,3.0,1.0,3.0,5.0,24.0,12.9,-12.0
9.0,153.0,9.0,11/4/2022,MIN,,MIL,"L, 102-115",1,37:00:00,10.0,19.0,0.526,3.0,9.0,0.333,7.0,10.0,0.7,0.605,1.0,2.0,0.5,1.0,2.0,3.0,3.0,1.0,0.0,3.0,4.0,24.0,14.1,-16.0
10.0,154.0,10.0,11/5/2022,MIN,,HOU,"W, 129-117",1,32:44:00,7.0,13.0,0.538,2.0,5.0,0.4,5.0,8.0,0.625,0.615,3.0,3.0,1.0,0.0,2.0,2.0,3.0,2.0,0.0,4.0,2.0,19.0,12.6,20.0
11.0,155.0,11.0,11/7/2022,MIN,,NYK,"L, 107-120",1,36:34:00,5.0,14.0,0.357,1.0,7.0,0.143,4.0,7.0,0.571,0.393,5.0,6.0,0.833,1.0,8.0,9.0,1.0,1.0,0.0,3.0,1.0,16.0,9.2,-6.0
12.0,156.0,12.0,11/9/2022,MIN,,PHO,"L, 117-129",1,34:55:00,4.0,12.0,0.333,0.0,4.0,0.0,4.0,8.0,0.5,0.333,3.0,6.0,0.5,0.0,3.0,3.0,6.0,2.0,0.0,3.0,5.0,11.0,5.1,-2.0
13.0,157.0,13.0,11/11/2022,MIN,@,MEM,"L, 103-114",1,37:42:00,10.0,16.0,0.625,3.0,4.0,0.75,7.0,12.0,0.583,0.719,5.0,7.0,0.714,1.0,5.0,6.0,6.0,0.0,0.0,1.0,1.0,28.0,25.0,2.0
14.0,158.0,14.0,11/13/2022,MIN,@,CLE,"W, 129-124",1,31:07:00,5.0,13.0,0.385,0.0,3.0,0.0,5.0,10.0,0.5,0.385,0.0,0.0,,0.0,7.0,7.0,1.0,0.0,0.0,4.0,5.0,10.0,-0.3,-11.0
15.0,159.0,15.0,11/16/2022,MIN,@,ORL,"W, 126-108",1,38:43:00,12.0,20.0,0.6,7.0,13.0,0.538,5.0,7.0,0.714,0.775,4.0,7.0,0.571,0.0,8.0,8.0,6.0,2.0,1.0,1.0,1.0,35.0,32.5,29.0
16.0,160.0,16.0,11/19/2022,MIN,@,PHI,"W, 112-109",1,35:42:00,7.0,21.0,0.333,2.0,10.0,0.2,5.0,11.0,0.455,0.381,9.0,9.0,1.0,0.0,5.0,5.0,5.0,1.0,1.0,5.0,2.0,25.0,14.0,2.0
17.0,161.0,17.0,11/21/2022,MIN,,MIA,"W, 105-101",1,38:30:00,9.0,21.0,0.429,4.0,12.0,0.333,5.0,9.0,0.556,0.524,0.0,1.0,0.0,1.0,6.0,7.0,4.0,4.0,1.0,4.0,3.0,22.0,15.3,0.0
18.0,162.0,18.0,11/23/2022,MIN,@,IND,"W, 115-101",1,35:47:00,7.0,14.0,0.5,3.0,5.0,0.6,4.0,9.0,0.444,0.607,2.0,2.0,1.0,0.0,7.0,7.0,2.0,1.0,0.0,4.0,2.0,19.0,11.7,10.0
19.0,163.0,19.0,11/25/2022,MIN,@,CHO,"L, 108-110",1,36:41:00,10.0,21.0,0.476,3.0,10.0,0.3,7.0,11.0,0.636,0.548,2.0,2.0,1.0,1.0,4.0,5.0,4.0,1.0,0.0,2.0,3.0,25.0,16.8,7.0
20.0,164.0,20.0,11/27/2022,MIN,,GSW,"L, 114-137",1,35:36:00,7.0,17.0,0.412,2.0,6.0,0.333,5.0,11.0,0.455,0.471,10.0,11.0,0.909,1.0,3.0,4.0,4.0,1.0,0.0,1.0,1.0,26.0,20.5,-29.0
21.0,165.0,21.0,11/28/2022,MIN,@,WAS,"L, 127-142",1,36:49:00,9.0,19.0,0.474,1.0,6.0,0.167,8.0,13.0,0.615,0.5,10.0,11.0,0.909,3.0,5.0,8.0,2.0,2.0,0.0,7.0,2.0,29.0,18.1,-25.0
22.0,166.0,22.0,11/30/2022,MIN,,MEM,"W, 109-101",1,40:06:00,10.0,18.0,0.556,2.0,6.0,0.333,8.0,12.0,0.667,0.611,7.0,7.0,1.0,0.0,3.0,3.0,5.0,5.0,3.0,1.0,4.0,29.0,29.3,12.0
23.0,167.0,23.0,12/3/2022,MIN,,OKC,"L, 128-135",1,37:26:00,10.0,22.0,0.455,2.0,6.0,0.333,8.0,16.0,0.5,0.5,4.0,6.0,0.667,0.0,3.0,3.0,4.0,6.0,0.0,5.0,2.0,26.0,17.7,5.0
24.0,168.0,24.0,12/7/2022,MIN,,IND,"W, 121-115",1,35:01:00,8.0,18.0,0.444,1.0,3.0,0.333,7.0,15.0,0.467,0.472,9.0,10.0,0.9,1.0,7.0,8.0,8.0,6.0,0.0,6.0,3.0,26.0,23.4,-4.0
25.0,169.0,25.0,12/9/2022,MIN,@,UTA,"W, 118-108",1,34:22:00,3.0,14.0,0.214,2.0,6.0,0.333,1.0,8.0,0.125,0.286,6.0,6.0,1.0,2.0,4.0,6.0,2.0,3.0,0.0,1.0,4.0,14.0,9.8,11.0
26.0,170.0,26.0,12/10/2022,MIN,@,POR,"L, 118-124",1,40:30:00,10.0,20.0,0.5,4.0,8.0,0.5,6.0,12.0,0.5,0.6,2.0,4.0,0.5,1.0,5.0,6.0,7.0,2.0,0.0,3.0,3.0,26.0,20.1,0.0
27.0,171.0,27.0,12/12/2022,MIN,@,POR,"L, 112-133",1,33:23:00,6.0,16.0,0.375,3.0,3.0,1.0,3.0,13.0,0.231,0.469,2.0,6.0,0.333,1.0,1.0,2.0,3.0,2.0,0.0,2.0,4.0,17.0,8.1,-25.0
28.0,172.0,28.0,12/14/2022,MIN,@,LAC,"L, 88-99",1,36:54:00,6.0,14.0,0.429,2.0,7.0,0.286,4.0,7.0,0.571,0.5,5.0,7.0,0.714,0.0,7.0,7.0,3.0,2.0,1.0,5.0,5.0,19.0,10.7,-11.0
29.0,173.0,29.0,12/16/2022,MIN,@,OKC,"W, 112-110",1,35:17:00,8.0,16.0,0.5,2.0,3.0,0.667,6.0,13.0,0.462,0.563,1.0,5.0,0.2,2.0,9.0,11.0,7.0,1.0,1.0,2.0,0.0,19.0,18.1,12.0
30.0,174.0,30.0,12/18/2022,MIN,,CHI,"W, 150-126",1,37:52:00,13.0,24.0,0.542,4.0,10.0,0.4,9.0,14.0,0.643,0.625,7.0,7.0,1.0,1.0,6.0,7.0,11.0,2.0,0.0,4.0,2.0,37.0,32.8,15.0
31.0,175.0,31.0,12/19/2022,MIN,,DAL,"W, 116-106",1,37:44:00,7.0,21.0,0.333,3.0,6.0,0.5,4.0,15.0,0.267,0.405,10.0,11.0,0.909,2.0,11.0,13.0,9.0,1.0,2.0,1.0,3.0,27.0,25.9,20.0
32.0,176.0,32.0,12/21/2022,MIN,,DAL,"L, 99-104",1,37:49:00,11.0,21.0,0.524,0.0,4.0,0.0,11.0,17.0,0.647,0.524,1.0,2.0,0.5,0.0,4.0,4.0,5.0,1.0,1.0,4.0,1.0,23.0,14.3,-3.0
33.0,177.0,33.0,12/23/2022,MIN,@,BOS,"L, 109-121",1,39:37:00,13.0,25.0,0.52,3.0,10.0,0.3,10.0,15.0,0.667,0.58,1.0,1.0,1.0,0.0,6.0,6.0,4.0,0.0,2.0,3.0,3.0,30.0,19.5,-22.0
34.0,178.0,34.0,12/26/2022,MIN,@,MIA,"L, 110-113",1,39:55:00,11.0,16.0,0.688,5.0,8.0,0.625,6.0,8.0,0.75,0.844,2.0,3.0,0.667,1.0,5.0,6.0,7.0,2.0,1.0,8.0,3.0,29.0,22.4,0.0
35.0,179.0,35.0,12/28/2022,MIN,@,NOP,"L, 118-119",1,38:46:00,10.0,23.0,0.435,2.0,6.0,0.333,8.0,17.0,0.471,0.478,5.0,9.0,0.556,1.0,5.0,6.0,2.0,2.0,1.0,4.0,4.0,27.0,14.0,-5.0
36.0,180.0,36.0,12/30/2022,MIN,@,MIL,"L, 114-123",1,40:22:00,10.0,20.0,0.5,2.0,6.0,0.333,8.0,14.0,0.571,0.55,8.0,14.0,0.571,0.0,10.0,10.0,1.0,4.0,2.0,1.0,1.0,30.0,25.3,-4.0
37.0,181.0,37.0,12/31/2022,MIN,,DET,"L, 104-116",1,38:56:00,10.0,21.0,0.476,4.0,10.0,0.4,6.0,11.0,0.545,0.571,6.0,7.0,0.857,0.0,7.0,7.0,5.0,1.0,0.0,3.0,3.0,30.0,21.3,-5.0
38.0,182.0,38.0,1/2/2023,MIN,,DEN,"W, 124-111",1,36:17:00,10.0,24.0,0.417,3.0,11.0,0.273,7.0,13.0,0.538,0.479,6.0,6.0,1.0,1.0,9.0,10.0,5.0,1.0,0.0,3.0,5.0,29.0,19.1,13.0
39.0,183.0,39.0,1/4/2023,MIN,,POR,"W, 113-106",1,35:43:00,11.0,26.0,0.423,3.0,9.0,0.333,8.0,17.0,0.471,0.481,7.0,9.0,0.778,0.0,7.0,7.0,3.0,0.0,0.0,3.0,4.0,32.0,17.0,8.0
40.0,184.0,40.0,1/6/2023,MIN,,LAC,"W, 128-115",1,22:39,2.0,7.0,0.286,0.0,3.0,0.0,2.0,4.0,0.5,0.286,1.0,2.0,0.5,0.0,3.0,3.0,5.0,0.0,1.0,2.0,1.0,5.0,3.2,18.0
41.0,185.0,41.0,1/8/2023,MIN,@,HOU,"W, 104-96",1,37:05:00,6.0,19.0,0.316,3.0,7.0,0.429,3.0,12.0,0.25,0.395,6.0,6.0,1.0,0.0,4.0,4.0,3.0,1.0,2.0,3.0,0.0,21.0,12.8,2.0
42.0,186.0,42.0,1/11/2023,MIN,@,DET,"L, 118-135",1,24:01:00,8.0,18.0,0.444,2.0,7.0,0.286,6.0,11.0,0.545,0.5,2.0,2.0,1.0,0.0,1.0,1.0,6.0,0.0,0.0,2.0,2.0,20.0,12.3,-1.0
43.0,187.0,43.0,1/13/2023,MIN,,PHO,"W, 121-116",1,36:46:00,12.0,24.0,0.5,2.0,8.0,0.25,10.0,16.0,0.625,0.542,5.0,5.0,1.0,0.0,6.0,6.0,3.0,2.0,0.0,3.0,4.0,31.0,20.3,2.0
44.0,188.0,44.0,1/14/2023,MIN,,CLE,"W, 110-102",1,35:22:00,10.0,18.0,0.556,3.0,6.0,0.5,7.0,12.0,0.583,0.639,3.0,3.0,1.0,0.0,6.0,6.0,7.0,1.0,0.0,4.0,1.0,26.0,20.7,7.0
45.0,189.0,45.0,1/16/2023,MIN,,UTA,"L, 125-126",1,36:19:00,10.0,25.0,0.4,4.0,10.0,0.4,6.0,15.0,0.4,0.48,5.0,5.0,1.0,0.0,4.0,4.0,5.0,3.0,0.0,2.0,1.0,29.0,20.8,-2.0
46.0,190.0,46.0,1/18/2023,MIN,@,DEN,"L, 118-122",1,37:11:00,7.0,17.0,0.412,0.0,4.0,0.0,7.0,13.0,0.538,0.412,2.0,3.0,0.667,4.0,5.0,9.0,3.0,1.0,1.0,3.0,0.0,16.0,11.6,-12.0
47.0,191.0,47.0,1/19/2023,MIN,,TOR,"W, 128-126",1,39:39:00,5.0,16.0,0.313,2.0,8.0,0.25,3.0,8.0,0.375,0.375,11.0,12.0,0.917,0.0,5.0,5.0,7.0,3.0,0.0,5.0,3.0,23.0,16.6,12.0
48.0,192.0,48.0,1/21/2023,MIN,,HOU,"W, 113-104",1,40:32:00,17.0,29.0,0.586,8.0,16.0,0.5,9.0,13.0,0.692,0.724,2.0,2.0,1.0,0.0,6.0,6.0,4.0,3.0,3.0,5.0,1.0,44.0,34.8,14.0
49.0,193.0,49.0,1/23/2023,MIN,@,HOU,"L, 114-119",1,37:13:00,9.0,20.0,0.45,6.0,10.0,0.6,3.0,10.0,0.3,0.6,7.0,9.0,0.778,1.0,2.0,3.0,5.0,4.0,1.0,6.0,3.0,31.0,22.1,-15.0
50.0,194.0,50.0,1/25/2023,MIN,@,NOP,"W, 111-102",1,37:18:00,12.0,25.0,0.48,4.0,10.0,0.4,8.0,15.0,0.533,0.56,9.0,10.0,0.9,0.0,6.0,6.0,5.0,0.0,0.0,4.0,1.0,37.0,24.8,13.0
51.0,195.0,51.0,1/27/2023,MIN,,MEM,"W, 111-100",1,36:28:00,9.0,18.0,0.5,3.0,5.0,0.6,6.0,13.0,0.462,0.583,4.0,6.0,0.667,0.0,7.0,7.0,7.0,0.0,1.0,2.0,2.0,25.0,20.1,10.0
52.0,196.0,52.0,1/28/2023,MIN,,SAC,"W, 117-110",1,37:36:00,14.0,21.0,0.667,5.0,7.0,0.714,9.0,14.0,0.643,0.786,1.0,2.0,0.5,2.0,8.0,10.0,6.0,2.0,1.0,6.0,2.0,34.0,28.4,16.0
53.0,197.0,53.0,1/30/2023,MIN,,SAC,"L, 111-118 (OT)",1,40:46:00,14.0,27.0,0.519,4.0,11.0,0.364,10.0,16.0,0.625,0.593,1.0,4.0,0.25,2.0,6.0,8.0,5.0,2.0,2.0,6.0,2.0,33.0,21.8,-11.0
54.0,198.0,54.0,2/1/2023,MIN,,GSW,"W, 119-114 (OT)",1,39:11:00,10.0,26.0,0.385,2.0,11.0,0.182,8.0,15.0,0.533,0.423,5.0,6.0,0.833,0.0,6.0,6.0,5.0,2.0,1.0,6.0,1.0,27.0,14.0,-9.0
55.0,199.0,55.0,2/3/2023,MIN,,ORL,"L, 120-127",1,37:49:00,5.0,15.0,0.333,1.0,7.0,0.143,4.0,8.0,0.5,0.367,8.0,10.0,0.8,0.0,5.0,5.0,5.0,1.0,1.0,4.0,3.0,19.0,11.2,-10.0
56.0,200.0,56.0,2/5/2023,MIN,,DEN,"W, 128-98",1,30:38:00,8.0,17.0,0.471,1.0,5.0,0.2,7.0,12.0,0.583,0.5,3.0,5.0,0.6,0.0,4.0,4.0,3.0,2.0,0.0,2.0,2.0,20.0,13.0,13.0
57.0,201.0,57.0,2/7/2023,MIN,@,DEN,"L, 112-146",1,20:39,7.0,11.0,0.636,1.0,3.0,0.333,6.0,8.0,0.75,0.682,4.0,5.0,0.8,0.0,3.0,3.0,3.0,0.0,1.0,1.0,3.0,19.0,15.2,-12.0
58.0,202.0,58.0,2/8/2023,MIN,@,UTA,"W, 143-118",1,33:07:00,13.0,27.0,0.481,4.0,9.0,0.444,9.0,18.0,0.5,0.556,1.0,1.0,1.0,0.0,7.0,7.0,8.0,1.0,0.0,1.0,1.0,31.0,24.6,19.0
59.0,203.0,59.0,2/10/2023,MIN,@,MEM,"L, 107-128",1,38:58:00,8.0,19.0,0.421,1.0,3.0,0.333,7.0,16.0,0.438,0.447,0.0,0.0,,0.0,2.0,2.0,5.0,1.0,2.0,3.0,2.0,17.0,9.6,-18.0
60.0,204.0,60.0,2/13/2023,MIN,@,DAL,"W, 124-121",1,35:40:00,12.0,22.0,0.545,1.0,4.0,0.25,11.0,18.0,0.611,0.568,7.0,7.0,1.0,1.0,4.0,5.0,1.0,0.0,0.0,3.0,4.0,32.0,19.4,9.0
61.0,205.0,61.0,2/16/2023,MIN,,WAS,"L, 106-114",1,37:29:00,11.0,26.0,0.423,3.0,10.0,0.3,8.0,16.0,0.5,0.481,9.0,10.0,0.9,1.0,4.0,5.0,3.0,3.0,1.0,6.0,4.0,34.0,19.9,-6.0
62.0,206.0,62.0,2/24/2023,MIN,,CHO,"L, 113-121",1,40:17:00,11.0,26.0,0.423,3.0,7.0,0.429,8.0,19.0,0.421,0.481,4.0,4.0,1.0,0.0,8.0,8.0,5.0,2.0,2.0,4.0,0.0,29.0,20.5,-3.0
63.0,207.0,63.0,2/26/2023,MIN,@,GSW,"L, 104-109",1,38:32:00,5.0,19.0,0.263,2.0,8.0,0.25,3.0,11.0,0.273,0.316,0.0,1.0,0.0,0.0,5.0,5.0,7.0,2.0,2.0,5.0,1.0,12.0,4.7,1.0
64.0,208.0,64.0,2/28/2023,MIN,@,LAC,"W, 108-101",1,36:51:00,6.0,18.0,0.333,2.0,5.0,0.4,4.0,13.0,0.308,0.389,4.0,5.0,0.8,1.0,3.0,4.0,3.0,3.0,2.0,4.0,2.0,18.0,10.7,8.0
65.0,209.0,65.0,3/3/2023,MIN,@,LAL,"W, 110-102",1,35:34:00,7.0,16.0,0.438,5.0,8.0,0.625,2.0,8.0,0.25,0.594,0.0,0.0,,0.0,5.0,5.0,2.0,4.0,2.0,5.0,5.0,19.0,11.9,4.0
66.0,210.0,66.0,3/4/2023,MIN,@,SAC,"W, 138-134",1,35:46:00,10.0,20.0,0.5,2.0,8.0,0.25,8.0,12.0,0.667,0.55,5.0,8.0,0.625,1.0,3.0,4.0,8.0,0.0,0.0,4.0,4.0,27.0,17.4,-5.0
67.0,211.0,67.0,3/7/2023,MIN,,PHI,"L, 94-117",1,33:50:00,12.0,24.0,0.5,5.0,10.0,0.5,7.0,14.0,0.5,0.604,3.0,4.0,0.75,0.0,7.0,7.0,1.0,0.0,0.0,2.0,2.0,32.0,19.6,-15.0
68.0,212.0,68.0,3/10/2023,MIN,,BRK,"L, 123-124 (OT)",1,43:41:00,12.0,26.0,0.462,3.0,9.0,0.333,9.0,17.0,0.529,0.519,5.0,6.0,0.833,0.0,6.0,6.0,2.0,2.0,3.0,2.0,2.0,32.0,22.7,-4.0
69.0,213.0,69.0,3/13/2023,MIN,@,ATL,"W, 136-115",1,35:48:00,12.0,25.0,0.48,2.0,10.0,0.2,10.0,15.0,0.667,0.52,6.0,10.0,0.6,0.0,8.0,8.0,5.0,1.0,2.0,3.0,1.0,32.0,22.6,23.0
70.0,214.0,70.0,3/15/2023,MIN,,BOS,"L, 102-104",1,38:26:00,10.0,20.0,0.5,5.0,8.0,0.625,5.0,12.0,0.417,0.625,3.0,5.0,0.6,0.0,10.0,10.0,7.0,0.0,0.0,3.0,0.0,28.0,22.1,5.0
71.0,215.0,71.0,3/17/2023,MIN,@,CHI,"L, 131-139 (2OT)",1,8:05,3.0,4.0,0.75,2.0,2.0,1.0,1.0,2.0,0.5,1.0,0.0,0.0,,0.0,0.0,0.0,1.0,0.0,0.0,0.0,0.0,8.0,7.1,5.0
71.0,,72.0,3/18/2023,MIN,@,TOR,"L, 107-122",Inactive,,,,,,,,,,,,,,,,,,,,,,,,,
71.0,,73.0,3/20/2023,MIN,@,NYK,"W, 140-134",Inactive,,,,,,,,,,,,,,,,,,,,,,,,,
71.0,,74.0,3/22/2023,MIN,,ATL,"W, 125-124",Did Not Dress,,,,,,,,,,,,,,,,,,,,,,,,,
72.0,216.0,75.0,3/26/2023,MIN,@,GSW,"W, 99-96",1,34:39:00,5.0,14.0,0.357,2.0,8.0,0.25,3.0,6.0,0.5,0.429,1.0,2.0,0.5,1.0,3.0,4.0,3.0,1.0,0.0,3.0,1.0,13.0,6.1,12.0
73.0,217.0,76.0,3/27/2023,MIN,@,SAC,"W, 119-115",1,38:39:00,6.0,15.0,0.4,1.0,3.0,0.333,5.0,12.0,0.417,0.433,4.0,8.0,0.5,1.0,4.0,5.0,7.0,0.0,0.0,1.0,4.0,17.0,11.5,6.0
74.0,218.0,77.0,3/29/2023,MIN,@,PHO,"L, 100-107",1,39:53:00,13.0,22.0,0.591,3.0,9.0,0.333,10.0,13.0,0.769,0.659,2.0,3.0,0.667,0.0,0.0,0.0,6.0,1.0,1.0,1.0,2.0,31.0,24.5,-8.0
75.0,219.0,78.0,3/31/2023,MIN,,LAL,"L, 111-123",1,38:12:00,4.0,16.0,0.25,2.0,7.0,0.286,2.0,9.0,0.222,0.313,1.0,2.0,0.5,0.0,4.0,4.0,3.0,1.0,0.0,3.0,1.0,11.0,1.9,
76.0,220.0,79.0,4/2/2023,MIN,,POR,"L, 105-107",1,37:35:00,15.0,30.0,0.5,3.0,8.0,0.375,12.0,22.0,0.545,0.55,4.0,5.0,0.8,0.0,5.0,5.0,6.0,1.0,0.0,4.0,1.0,37.0,23.9,-1.0
77.0,221.0,80.0,4/4/2023,MIN,@,BRK,"W, 107-102",1,31:00:00,7.0,18.0,0.389,2.0,5.0,0.4,5.0,13.0,0.385,0.444,7.0,7.0,1.0,1.0,4.0,5.0,3.0,1.0,2.0,2.0,1.0,23.0,17.2,13.0
78.0,222.0,81.0,4/8/2023,MIN,@,SAS,"W, 151-131",1,24:38:00,13.0,25.0,0.52,4.0,9.0,0.444,9.0,16.0,0.563,0.6,3.0,4.0,0.75,2.0,3.0,5.0,3.0,2.0,0.0,0.0,1.0,33.0,26.3,15.0
79.0,223.0,82.0,4/9/2023,MIN,,NOP,"W, 113-108",1,39:05:00,8.0,21.0,0.381,3.0,9.0,0.333,5.0,12.0,0.417,0.452,7.0,13.0,0.538,3.0,10.0,13.0,4.0,4.0,4.0,8.0,3.0,26.0,17.6,-4.0
,,,,,,,,,,,,,,,,,,,,,,,,,,,,,,,,,
1.0,73.0,1.0,10/20/2021,MIN,,HOU,"W, 124-106",1,31:11:00,10.0,21.0,0.476,6.0,12.0,0.5,4.0,9.0,0.444,0.619,3.0,4.0,0.75,2.0,4.0,6.0,3.0,1.0,0.0,4.0,2.0,29.0,18.8,26.0
2.0,74.0,2.0,10/23/2021,MIN,,NOP,"W, 96-89",1,36:57:00,8.0,22.0,0.364,3.0,8.0,0.375,5.0,14.0,0.357,0.432,0.0,0.0,,3.0,6.0,9.0,5.0,1.0,1.0,1.0,1.0,19.0,14.5,10.0
3.0,75.0,3.0,10/25/2021,MIN,,NOP,"L, 98-107",1,40:28:00,10.0,23.0,0.435,4.0,11.0,0.364,6.0,12.0,0.5,0.522,4.0,4.0,1.0,1.0,8.0,9.0,3.0,1.0,0.0,3.0,5.0,28.0,17.1,5.0
4.0,76.0,4.0,10/27/2021,MIN,@,MIL,"W, 113-108",1,33:14:00,9.0,24.0,0.375,2.0,10.0,0.2,7.0,14.0,0.5,0.417,5.0,6.0,0.833,1.0,6.0,7.0,3.0,1.0,0.0,2.0,2.0,25.0,14.2,-2.0
5.0,77.0,5.0,10/30/2021,MIN,,DEN,"L, 91-93",1,34:08:00,6.0,19.0,0.316,0.0,6.0,0.0,6.0,13.0,0.462,0.316,2.0,2.0,1.0,4.0,7.0,11.0,1.0,0.0,0.0,3.0,1.0,14.0,5.3,-14.0
6.0,78.0,6.0,11/1/2021,MIN,,ORL,"L, 97-115",1,36:43:00,10.0,22.0,0.455,2.0,8.0,0.25,8.0,14.0,0.571,0.5,2.0,4.0,0.5,2.0,4.0,6.0,3.0,2.0,0.0,2.0,1.0,24.0,16.1,-11.0
7.0,79.0,7.0,11/3/2021,MIN,,LAC,"L, 115-126",1,38:02:00,11.0,21.0,0.524,3.0,10.0,0.3,8.0,11.0,0.727,0.595,3.0,3.0,1.0,1.0,2.0,3.0,6.0,3.0,1.0,6.0,1.0,28.0,20.5,9.0
8.0,80.0,8.0,11/5/2021,MIN,,LAC,"L, 84-104",1,31:38:00,7.0,22.0,0.318,3.0,12.0,0.25,4.0,10.0,0.4,0.386,0.0,1.0,0.0,0.0,1.0,1.0,3.0,2.0,3.0,2.0,4.0,17.0,6.9,1.0
9.0,81.0,9.0,11/8/2021,MIN,@,MEM,"L, 118-125 (OT)",1,42:59:00,9.0,22.0,0.409,4.0,9.0,0.444,5.0,13.0,0.385,0.5,5.0,7.0,0.714,2.0,3.0,5.0,3.0,3.0,0.0,4.0,4.0,27.0,16.2,-16.0
10.0,82.0,10.0,11/10/2021,MIN,@,GSW,"L, 110-123",1,41:45:00,16.0,27.0,0.593,7.0,13.0,0.538,9.0,14.0,0.643,0.722,9.0,12.0,0.75,2.0,4.0,6.0,5.0,2.0,0.0,6.0,1.0,48.0,36.0,-3.0
11.0,83.0,11.0,11/12/2021,MIN,@,LAL,"W, 107-83",1,32:00:00,4.0,11.0,0.364,1.0,5.0,0.2,3.0,6.0,0.5,0.409,0.0,0.0,,0.0,3.0,3.0,1.0,1.0,0.0,5.0,2.0,9.0,-0.3,5.0
12.0,84.0,12.0,11/13/2021,MIN,@,LAC,"L, 102-129",1,34:00:00,9.0,22.0,0.409,2.0,6.0,0.333,7.0,16.0,0.438,0.455,1.0,2.0,0.5,3.0,8.0,11.0,3.0,0.0,0.0,4.0,1.0,21.0,11.0,-18.0
13.0,85.0,13.0,11/15/2021,MIN,,PHO,"L, 96-99",1,39:11:00,2.0,11.0,0.182,1.0,6.0,0.167,1.0,5.0,0.2,0.227,4.0,6.0,0.667,3.0,9.0,12.0,6.0,1.0,3.0,6.0,5.0,9.0,5.4,-5.0
14.0,86.0,14.0,11/17/2021,MIN,,SAC,"W, 107-97",1,39:31:00,11.0,24.0,0.458,4.0,10.0,0.4,7.0,14.0,0.5,0.542,0.0,0.0,,1.0,4.0,5.0,1.0,0.0,1.0,1.0,4.0,26.0,14.3,10.0
15.0,87.0,15.0,11/18/2021,MIN,,SAS,"W, 115-90",1,33:00:00,5.0,11.0,0.455,3.0,8.0,0.375,2.0,3.0,0.667,0.591,0.0,0.0,,2.0,3.0,5.0,6.0,2.0,2.0,4.0,4.0,13.0,11.6,12.0
16.0,88.0,16.0,11/20/2021,MIN,,MEM,"W, 138-95",1,26:02:00,8.0,10.0,0.8,5.0,6.0,0.833,3.0,4.0,0.75,1.05,2.0,2.0,1.0,0.0,0.0,0.0,2.0,0.0,0.0,1.0,3.0,23.0,18.4,36.0
17.0,89.0,17.0,11/22/2021,MIN,@,NOP,"W, 110-96",1,33:07:00,6.0,16.0,0.375,3.0,9.0,0.333,3.0,7.0,0.429,0.469,3.0,5.0,0.6,2.0,5.0,7.0,1.0,3.0,1.0,3.0,1.0,18.0,12.3,27.0
18.0,90.0,18.0,11/24/2021,MIN,,MIA,"W, 113-101",1,43:09:00,13.0,27.0,0.481,6.0,15.0,0.4,7.0,12.0,0.583,0.593,1.0,1.0,1.0,1.0,13.0,14.0,6.0,3.0,1.0,5.0,4.0,33.0,25.2,19.0
19.0,91.0,19.0,11/26/2021,MIN,@,CHO,"L, 115-133",1,27:31:00,4.0,9.0,0.444,1.0,4.0,0.25,3.0,5.0,0.6,0.5,2.0,3.0,0.667,1.0,4.0,5.0,2.0,1.0,0.0,2.0,2.0,11.0,7.4,-15.0
20.0,92.0,20.0,11/27/2021,MIN,@,PHI,"W, 121-120 (2OT)",1,47:40:00,8.0,21.0,0.381,1.0,8.0,0.125,7.0,13.0,0.538,0.405,2.0,2.0,1.0,0.0,6.0,6.0,7.0,3.0,1.0,4.0,1.0,19.0,13.5,8.0
21.0,93.0,21.0,11/29/2021,MIN,,IND,"W, 100-98",1,39:22:00,7.0,19.0,0.368,2.0,7.0,0.286,5.0,12.0,0.417,0.421,5.0,6.0,0.833,1.0,8.0,9.0,5.0,3.0,0.0,0.0,3.0,21.0,18.5,-2.0
22.0,94.0,22.0,12/1/2021,MIN,@,WAS,"L, 107-115",1,38:25:00,7.0,17.0,0.412,4.0,9.0,0.444,3.0,8.0,0.375,0.529,7.0,8.0,0.875,0.0,3.0,3.0,3.0,1.0,1.0,3.0,0.0,25.0,17.2,-5.0
23.0,95.0,23.0,12/3/2021,MIN,@,BRK,"L, 105-110",1,36:50:00,7.0,16.0,0.438,1.0,7.0,0.143,6.0,9.0,0.667,0.469,4.0,4.0,1.0,0.0,2.0,2.0,4.0,3.0,0.0,8.0,1.0,19.0,8.6,-12.0
24.0,96.0,24.0,12/6/2021,MIN,,ATL,"L, 110-121",1,40:03:00,6.0,19.0,0.316,2.0,6.0,0.333,4.0,13.0,0.308,0.368,6.0,6.0,1.0,0.0,1.0,1.0,7.0,2.0,3.0,4.0,1.0,20.0,14.0,-13.0
25.0,97.0,25.0,12/8/2021,MIN,,UTA,"L, 104-136",1,33:45:00,7.0,16.0,0.438,4.0,8.0,0.5,3.0,8.0,0.375,0.563,0.0,2.0,0.0,0.0,2.0,2.0,5.0,1.0,0.0,1.0,3.0,18.0,11.7,-18.0
26.0,98.0,26.0,12/10/2021,MIN,,CLE,"L, 106-123",1,32:33:00,6.0,17.0,0.353,1.0,8.0,0.125,5.0,9.0,0.556,0.382,0.0,0.0,,1.0,3.0,4.0,2.0,2.0,1.0,3.0,1.0,13.0,5.8,-32.0
27.0,99.0,27.0,12/12/2021,MIN,@,POR,"W, 116-111",1,29:07:00,7.0,13.0,0.538,2.0,7.0,0.286,5.0,6.0,0.833,0.615,8.0,9.0,0.889,0.0,4.0,4.0,3.0,1.0,0.0,2.0,4.0,24.0,18.0,5.0
28.0,100.0,28.0,12/15/2021,MIN,@,DEN,"W, 124-107",1,33:34:00,14.0,21.0,0.667,10.0,14.0,0.714,4.0,7.0,0.571,0.905,0.0,0.0,,0.0,5.0,5.0,1.0,1.0,1.0,2.0,2.0,38.0,30.0,18.0
28.0,,29.0,12/17/2021,MIN,,LAL,"W, 110-92",Inactive,,,,,,,,,,,,,,,,,,,,,,,,,
28.0,,30.0,12/19/2021,MIN,,DAL,"W, 111-105",Inactive,,,,,,,,,,,,,,,,,,,,,,,,,
28.0,,31.0,12/21/2021,MIN,@,DAL,"L, 102-114",Inactive,,,,,,,,,,,,,,,,,,,,,,,,,
28.0,,32.0,12/23/2021,MIN,@,UTA,"L, 116-128",Inactive,,,,,,,,,,,,,,,,,,,,,,,,,
28.0,,33.0,12/27/2021,MIN,,BOS,"W, 108-103",Inactive,,,,,,,,,,,,,,,,,,,,,,,,,
28.0,,34.0,12/28/2021,MIN,,NYK,"L, 88-96",Inactive,,,,,,,,,,,,,,,,,,,,,,,,,
29.0,101.0,35.0,12/31/2021,MIN,@,UTA,"L, 108-120",1,31:31:00,9.0,21.0,0.429,4.0,10.0,0.4,5.0,11.0,0.455,0.524,4.0,5.0,0.8,0.0,3.0,3.0,2.0,0.0,0.0,2.0,6.0,26.0,12.4,-1.0
30.0,102.0,36.0,1/2/2022,MIN,@,LAL,"L, 103-108",1,37:38:00,7.0,19.0,0.368,0.0,6.0,0.0,7.0,13.0,0.538,0.368,4.0,6.0,0.667,2.0,5.0,7.0,4.0,1.0,1.0,8.0,3.0,18.0,4.9,0.0
31.0,103.0,37.0,1/3/2022,MIN,@,LAC,"W, 122-104",1,32:53:00,11.0,17.0,0.647,5.0,10.0,0.5,6.0,7.0,0.857,0.794,1.0,1.0,1.0,0.0,2.0,2.0,4.0,1.0,1.0,4.0,1.0,28.0,21.2,23.0
32.0,104.0,38.0,1/5/2022,MIN,,OKC,"W, 98-90",1,32:25:00,8.0,17.0,0.471,4.0,10.0,0.4,4.0,7.0,0.571,0.588,2.0,3.0,0.667,2.0,3.0,5.0,2.0,5.0,0.0,2.0,3.0,22.0,18.4,20.0
33.0,105.0,39.0,1/7/2022,MIN,@,OKC,"W, 135-105",1,29:22:00,9.0,16.0,0.563,6.0,9.0,0.667,3.0,7.0,0.429,0.75,0.0,0.0,,0.0,6.0,6.0,7.0,1.0,1.0,0.0,1.0,24.0,24.4,31.0
34.0,106.0,40.0,1/9/2022,MIN,@,HOU,"W, 141-123",1,34:08:00,7.0,17.0,0.412,2.0,8.0,0.25,5.0,9.0,0.556,0.471,3.0,3.0,1.0,0.0,3.0,3.0,6.0,2.0,2.0,2.0,3.0,19.0,15.2,22.0
35.0,107.0,41.0,1/11/2022,MIN,@,NOP,"L, 125-128",1,36:57:00,10.0,21.0,0.476,6.0,12.0,0.5,4.0,9.0,0.444,0.619,2.0,2.0,1.0,2.0,2.0,4.0,5.0,1.0,0.0,3.0,3.0,28.0,19.6,-2.0
36.0,108.0,42.0,1/13/2022,MIN,@,MEM,"L, 108-116",1,38:04:00,9.0,20.0,0.45,5.0,11.0,0.455,4.0,9.0,0.444,0.575,7.0,7.0,1.0,0.0,2.0,2.0,4.0,1.0,0.0,3.0,2.0,30.0,20.2,-2.0
37.0,109.0,43.0,1/16/2022,MIN,,GSW,"W, 119-99",1,27:54:00,3.0,8.0,0.375,2.0,4.0,0.5,1.0,4.0,0.25,0.5,1.0,1.0,1.0,0.0,1.0,1.0,2.0,1.0,1.0,2.0,0.0,9.0,6.0,2.0
38.0,110.0,44.0,1/18/2022,MIN,@,NYK,"W, 112-110",1,39:20:00,8.0,17.0,0.471,2.0,9.0,0.222,6.0,8.0,0.75,0.529,3.0,4.0,0.75,0.0,3.0,3.0,3.0,2.0,0.0,4.0,3.0,21.0,11.7,8.0
39.0,111.0,45.0,1/19/2022,MIN,@,ATL,"L, 122-134",1,23:49,7.0,16.0,0.438,4.0,10.0,0.4,3.0,6.0,0.5,0.563,2.0,2.0,1.0,2.0,3.0,5.0,0.0,0.0,0.0,0.0,2.0,20.0,13.1,-1.0
40.0,112.0,46.0,1/23/2022,MIN,,BRK,"W, 136-125",1,30:52:00,8.0,17.0,0.471,4.0,8.0,0.5,4.0,9.0,0.444,0.588,5.0,6.0,0.833,0.0,1.0,1.0,4.0,2.0,0.0,1.0,2.0,25.0,19.2,6.0
41.0,113.0,47.0,1/25/2022,MIN,@,POR,"W, 109-107",1,38:44:00,14.0,27.0,0.519,5.0,13.0,0.385,9.0,14.0,0.643,0.611,7.0,11.0,0.636,1.0,8.0,9.0,0.0,3.0,3.0,1.0,4.0,40.0,30.7,14.0
42.0,114.0,48.0,1/27/2022,MIN,@,GSW,"L, 115-124",1,37:20:00,8.0,18.0,0.444,2.0,11.0,0.182,6.0,7.0,0.857,0.5,9.0,9.0,1.0,2.0,4.0,6.0,6.0,1.0,2.0,3.0,2.0,27.0,23.0,-11.0
43.0,115.0,49.0,1/28/2022,MIN,@,PHO,"L, 124-134",1,37:26:00,9.0,20.0,0.45,4.0,11.0,0.364,5.0,9.0,0.556,0.55,5.0,6.0,0.833,0.0,5.0,5.0,10.0,4.0,1.0,1.0,3.0,27.0,27.2,6.0
44.0,116.0,50.0,1/30/2022,MIN,,UTA,"W, 126-106",1,35:35:00,6.0,16.0,0.375,2.0,9.0,0.222,4.0,7.0,0.571,0.438,1.0,1.0,1.0,0.0,3.0,3.0,4.0,1.0,0.0,5.0,0.0,15.0,5.9,15.0
45.0,117.0,51.0,2/1/2022,MIN,,DEN,"W, 130-115",1,25:37:00,2.0,8.0,0.25,1.0,6.0,0.167,1.0,2.0,0.5,0.313,0.0,0.0,,0.0,0.0,0.0,2.0,0.0,1.0,0.0,1.0,5.0,1.9,3.0
46.0,118.0,52.0,2/3/2022,MIN,@,DET,"W, 128-117",1,34:11:00,9.0,21.0,0.429,2.0,9.0,0.222,7.0,12.0,0.583,0.476,5.0,5.0,1.0,0.0,3.0,3.0,1.0,1.0,0.0,2.0,3.0,25.0,13.3,0.0
47.0,119.0,53.0,2/6/2022,MIN,,DET,"W, 118-105",1,34:59:00,4.0,12.0,0.333,2.0,6.0,0.333,2.0,6.0,0.333,0.417,7.0,9.0,0.778,0.0,2.0,2.0,5.0,2.0,0.0,0.0,3.0,17.0,14.3,-1.0
48.0,120.0,54.0,2/8/2022,MIN,@,SAC,"W, 134-114",1,25:37:00,2.0,12.0,0.167,0.0,3.0,0.0,2.0,9.0,0.222,0.167,1.0,2.0,0.5,1.0,2.0,3.0,3.0,1.0,0.0,2.0,2.0,5.0,-1.4,6.0
49.0,121.0,55.0,2/9/2022,MIN,@,SAC,"L, 119-132",1,37:54:00,10.0,25.0,0.4,3.0,9.0,0.333,7.0,16.0,0.438,0.46,3.0,4.0,0.75,0.0,1.0,1.0,1.0,0.0,1.0,2.0,4.0,26.0,10.2,3.0
50.0,122.0,56.0,2/11/2022,MIN,@,CHI,"L, 122-134",1,37:05:00,12.0,22.0,0.545,3.0,9.0,0.333,9.0,13.0,0.692,0.614,4.0,6.0,0.667,0.0,6.0,6.0,8.0,0.0,1.0,4.0,2.0,31.0,22.9,-3.0
51.0,123.0,57.0,2/13/2022,MIN,@,IND,"W, 129-120",1,38:35:00,13.0,25.0,0.52,7.0,13.0,0.538,6.0,12.0,0.5,0.66,4.0,7.0,0.571,0.0,5.0,5.0,4.0,4.0,1.0,3.0,1.0,37.0,29.1,13.0
52.0,124.0,58.0,2/15/2022,MIN,,CHO,"W, 126-120 (OT)",1,17:50,3.0,10.0,0.3,1.0,6.0,0.167,2.0,4.0,0.5,0.35,2.0,5.0,0.4,2.0,2.0,4.0,1.0,1.0,1.0,0.0,1.0,9.0,6.0,8.0
53.0,125.0,59.0,2/16/2022,MIN,,TOR,"L, 91-103",1,31:49:00,0.0,8.0,0.0,0.0,5.0,0.0,0.0,3.0,0.0,0.0,6.0,10.0,0.6,0.0,3.0,3.0,1.0,0.0,0.0,1.0,3.0,6.0,-1.8,-8.0
54.0,126.0,60.0,2/24/2022,MIN,,MEM,"W, 119-114",1,31:39:00,1.0,11.0,0.091,0.0,6.0,0.0,1.0,5.0,0.2,0.091,3.0,6.0,0.5,1.0,3.0,4.0,7.0,0.0,2.0,3.0,0.0,5.0,1.4,5.0
55.0,127.0,61.0,2/25/2022,MIN,,PHI,"L, 102-133",1,37:46:00,5.0,13.0,0.385,1.0,6.0,0.167,4.0,7.0,0.571,0.423,4.0,6.0,0.667,1.0,2.0,3.0,5.0,1.0,1.0,2.0,3.0,15.0,10.4,-21.0
56.0,128.0,62.0,2/28/2022,MIN,@,CLE,"W, 127-122",1,32:22:00,7.0,13.0,0.538,1.0,5.0,0.2,6.0,8.0,0.75,0.577,2.0,2.0,1.0,2.0,2.0,4.0,4.0,4.0,0.0,4.0,5.0,17.0,13.5,7.0
56.0,,63.0,3/1/2022,MIN,,GSW,"W, 129-114",Did Not Dress,,,,,,,,,,,,,,,,,,,,,,,,,
56.0,,64.0,3/4/2022,MIN,@,OKC,"W, 138-101",Inactive,,,,,,,,,,,,,,,,,,,,,,,,,
56.0,,65.0,3/5/2022,MIN,,POR,"W, 135-121",Inactive,,,,,,,,,,,,,,,,,,,,,,,,,
56.0,,66.0,3/7/2022,MIN,,POR,"W, 124-81",Inactive,,,,,,,,,,,,,,,,,,,,,,,,,
57.0,129.0,67.0,3/9/2022,MIN,,OKC,"W, 132-102",1,25:29:00,7.0,15.0,0.467,2.0,8.0,0.25,5.0,7.0,0.714,0.533,0.0,0.0,,0.0,1.0,1.0,3.0,2.0,1.0,4.0,2.0,16.0,8.6,7.0
58.0,130.0,68.0,3/11/2022,MIN,@,ORL,"L, 110-118",1,34:26:00,9.0,19.0,0.474,4.0,11.0,0.364,5.0,8.0,0.625,0.579,3.0,3.0,1.0,0.0,3.0,3.0,5.0,1.0,0.0,0.0,3.0,25.0,19.5,-3.0
59.0,131.0,69.0,3/12/2022,MIN,@,MIA,"W, 113-104",1,36:22:00,4.0,10.0,0.4,3.0,8.0,0.375,1.0,2.0,0.5,0.55,4.0,4.0,1.0,0.0,8.0,8.0,5.0,3.0,1.0,1.0,1.0,15.0,17.8,5.0
60.0,132.0,70.0,3/14/2022,MIN,@,SAS,"W, 149-139",1,30:21:00,2.0,7.0,0.286,1.0,2.0,0.5,1.0,5.0,0.2,0.357,0.0,0.0,,2.0,1.0,3.0,3.0,1.0,1.0,2.0,2.0,5.0,3.6,4.0
61.0,133.0,71.0,3/16/2022,MIN,,LAL,"W, 124-104",1,32:02:00,8.0,21.0,0.381,6.0,11.0,0.545,2.0,10.0,0.2,0.524,5.0,6.0,0.833,2.0,4.0,6.0,4.0,2.0,1.0,3.0,3.0,27.0,19.0,19.0
62.0,134.0,72.0,3/19/2022,MIN,,MIL,"W, 138-119",1,33:03:00,9.0,16.0,0.563,5.0,10.0,0.5,4.0,6.0,0.667,0.719,2.0,2.0,1.0,0.0,5.0,5.0,4.0,3.0,0.0,1.0,1.0,25.0,23.3,17.0
63.0,135.0,73.0,3/21/2022,MIN,@,DAL,"L, 108-110",1,38:05:00,5.0,13.0,0.385,3.0,5.0,0.6,2.0,8.0,0.25,0.5,6.0,7.0,0.857,0.0,6.0,6.0,3.0,0.0,0.0,1.0,1.0,19.0,14.0,0.0
64.0,136.0,74.0,3/23/2022,MIN,,PHO,"L, 116-125",1,34:49:00,7.0,17.0,0.412,3.0,8.0,0.375,4.0,9.0,0.444,0.5,2.0,2.0,1.0,1.0,3.0,4.0,4.0,1.0,0.0,4.0,3.0,19.0,10.1,-9.0
65.0,137.0,75.0,3/25/2022,MIN,,DAL,"W, 116-95",1,32:17:00,6.0,14.0,0.429,0.0,4.0,0.0,6.0,10.0,0.6,0.429,0.0,1.0,0.0,0.0,6.0,6.0,4.0,1.0,0.0,2.0,3.0,12.0,6.6,24.0
66.0,138.0,76.0,3/27/2022,MIN,@,BOS,"L, 112-134",1,37:11:00,9.0,16.0,0.563,5.0,9.0,0.556,4.0,7.0,0.571,0.719,1.0,1.0,1.0,0.0,5.0,5.0,6.0,1.0,0.0,5.0,2.0,24.0,17.3,-14.0
67.0,139.0,77.0,3/30/2022,MIN,@,TOR,"L, 102-125",1,31:37:00,10.0,18.0,0.556,4.0,7.0,0.571,6.0,11.0,0.545,0.667,0.0,0.0,,1.0,7.0,8.0,4.0,1.0,1.0,3.0,4.0,24.0,18.1,-19.0
68.0,140.0,78.0,4/1/2022,MIN,@,DEN,"W, 136-130",1,40:01:00,6.0,15.0,0.4,3.0,7.0,0.429,3.0,8.0,0.375,0.5,3.0,4.0,0.75,2.0,6.0,8.0,7.0,1.0,0.0,2.0,2.0,18.0,15.8,-1.0
69.0,141.0,79.0,4/3/2022,MIN,@,HOU,"W, 139-132",1,35:21:00,12.0,21.0,0.571,4.0,12.0,0.333,8.0,9.0,0.889,0.667,5.0,5.0,1.0,0.0,4.0,4.0,5.0,2.0,1.0,2.0,2.0,33.0,27.7,2.0
70.0,142.0,80.0,4/5/2022,MIN,,WAS,"L, 114-132",1,31:58:00,8.0,17.0,0.471,1.0,6.0,0.167,7.0,11.0,0.636,0.5,1.0,1.0,1.0,1.0,5.0,6.0,4.0,0.0,0.0,2.0,2.0,18.0,11.5,-17.0
71.0,143.0,81.0,4/7/2022,MIN,,SAS,"W, 127-121",1,39:12:00,16.0,28.0,0.571,6.0,14.0,0.429,10.0,14.0,0.714,0.679,11.0,14.0,0.786,2.0,4.0,6.0,8.0,1.0,0.0,2.0,2.0,49.0,41.0,18.0
72.0,144.0,82.0,4/10/2022,MIN,,CHI,"L, 120-124",1,18:24,3.0,8.0,0.375,0.0,4.0,0.0,3.0,4.0,0.75,0.375,2.0,2.0,1.0,0.0,0.0,0.0,1.0,1.0,0.0,1.0,1.0,8.0,3.9,-12.0
,,,,,,,,,,,,,,,,,,,,,,,,,,,,,,,,,
1.0,1.0,1.0,12/23/2020,MIN,,DET,"W, 111-101",0.0,25:09:00,5.0,12.0,0.417,1.0,5.0,0.2,4.0,7.0,0.571,0.458,4.0,4.0,1.0,2.0,2.0,4.0,4.0,0.0,0.0,1.0,1.0,15.0,12.0,4.0
2.0,2.0,2.0,12/26/2020,MIN,@,UTA,"W, 116-111",0.0,22:20,8.0,12.0,0.667,2.0,3.0,0.667,6.0,9.0,0.667,0.75,0.0,0.0,,0.0,1.0,1.0,1.0,2.0,0.0,0.0,4.0,18.0,14.2,6.0
3.0,3.0,3.0,12/27/2020,MIN,@,LAL,"L, 91-127",0.0,28:32:00,6.0,21.0,0.286,1.0,9.0,0.111,5.0,12.0,0.417,0.31,2.0,2.0,1.0,2.0,2.0,4.0,2.0,1.0,0.0,1.0,2.0,15.0,5.3,-14.0
4.0,4.0,4.0,12/29/2020,MIN,@,LAC,"L, 101-124",0.0,24:42:00,4.0,10.0,0.4,4.0,7.0,0.571,0.0,3.0,0.0,0.6,0.0,0.0,,0.0,0.0,0.0,0.0,0.0,1.0,0.0,1.0,12.0,6.9,-21.0
5.0,5.0,5.0,1/1/2021,MIN,,WAS,"L, 109-130",0.0,26:21:00,7.0,16.0,0.438,2.0,8.0,0.25,5.0,8.0,0.625,0.5,1.0,4.0,0.25,0.0,3.0,3.0,2.0,0.0,1.0,3.0,2.0,17.0,6.6,-7.0
6.0,6.0,6.0,1/3/2021,MIN,,DEN,"L, 109-124",0.0,22:56,2.0,4.0,0.5,1.0,3.0,0.333,1.0,1.0,1.0,0.625,0.0,0.0,,0.0,0.0,0.0,4.0,1.0,0.0,3.0,1.0,5.0,3.4,-8.0
7.0,7.0,7.0,1/5/2021,MIN,@,DEN,"L, 116-123",0.0,25:34:00,6.0,19.0,0.316,1.0,7.0,0.143,5.0,12.0,0.417,0.342,2.0,2.0,1.0,1.0,2.0,3.0,1.0,0.0,0.0,3.0,1.0,15.0,2.7,-9.0
8.0,8.0,8.0,1/7/2021,MIN,@,POR,"L, 117-135",0.0,31:13:00,9.0,21.0,0.429,3.0,10.0,0.3,6.0,11.0,0.545,0.5,5.0,7.0,0.714,2.0,2.0,4.0,1.0,2.0,0.0,4.0,2.0,26.0,14.0,-15.0
9.0,9.0,9.0,1/9/2021,MIN,,SAS,"L, 122-125 (OT)",0.0,30:16:00,5.0,11.0,0.455,1.0,4.0,0.25,4.0,7.0,0.571,0.5,2.0,2.0,1.0,0.0,4.0,4.0,4.0,0.0,0.0,3.0,3.0,13.0,7.1,2.0
10.0,10.0,10.0,1/10/2021,MIN,,SAS,"W, 96-88",0.0,17:41,0.0,8.0,0.0,0.0,2.0,0.0,0.0,6.0,0.0,0.0,0.0,0.0,,3.0,3.0,6.0,1.0,0.0,0.0,2.0,1.0,0.0,-4.3,-5.0
11.0,11.0,11.0,1/13/2021,MIN,,MEM,"L, 107-118",0.0,16:51,1.0,6.0,0.167,0.0,2.0,0.0,1.0,4.0,0.25,0.167,0.0,0.0,,2.0,1.0,3.0,1.0,0.0,0.0,0.0,1.0,2.0,0.2,-3.0
12.0,12.0,12.0,1/18/2021,MIN,@,ATL,"L, 97-108",0.0,30:22:00,5.0,16.0,0.313,2.0,5.0,0.4,3.0,11.0,0.273,0.375,0.0,0.0,,1.0,4.0,5.0,2.0,0.0,0.0,1.0,2.0,12.0,4.3,1.0
13.0,13.0,13.0,1/20/2021,MIN,,ORL,"L, 96-97",0.0,22:49,3.0,14.0,0.214,1.0,4.0,0.25,2.0,10.0,0.2,0.25,1.0,2.0,0.5,0.0,0.0,0.0,0.0,0.0,0.0,2.0,0.0,8.0,-3.0,13.0
14.0,14.0,14.0,1/22/2021,MIN,,ATL,"L, 98-116",0.0,24:01:00,2.0,12.0,0.167,1.0,5.0,0.2,1.0,7.0,0.143,0.208,0.0,0.0,,0.0,3.0,3.0,1.0,1.0,0.0,3.0,2.0,5.0,-3.8,-13.0
15.0,15.0,15.0,1/23/2021,MIN,,NOP,"W, 120-110",0.0,20:16,5.0,14.0,0.357,2.0,7.0,0.286,3.0,7.0,0.429,0.429,6.0,6.0,1.0,0.0,1.0,1.0,1.0,2.0,0.0,2.0,0.0,18.0,11.2,9.0
16.0,16.0,16.0,1/25/2021,MIN,@,GSW,"L, 108-130",0.0,27:13:00,4.0,13.0,0.308,1.0,3.0,0.333,3.0,10.0,0.3,0.346,6.0,7.0,0.857,2.0,1.0,3.0,1.0,1.0,0.0,2.0,2.0,15.0,7.7,-10.0
17.0,17.0,17.0,1/27/2021,MIN,@,GSW,"L, 111-123",0.0,32:23:00,9.0,19.0,0.474,5.0,8.0,0.625,4.0,11.0,0.364,0.605,2.0,2.0,1.0,1.0,3.0,4.0,2.0,3.0,0.0,3.0,1.0,25.0,17.9,-2.0
18.0,18.0,18.0,1/29/2021,MIN,,PHI,"L, 94-118",1.0,28:48:00,5.0,13.0,0.385,3.0,7.0,0.429,2.0,6.0,0.333,0.5,2.0,2.0,1.0,0.0,4.0,4.0,3.0,0.0,0.0,1.0,2.0,15.0,9.4,-25.0
19.0,19.0,19.0,1/31/2021,MIN,,CLE,"W, 109-104",1.0,30:17:00,9.0,15.0,0.6,4.0,7.0,0.571,5.0,8.0,0.625,0.733,1.0,1.0,1.0,0.0,5.0,5.0,4.0,1.0,1.0,0.0,2.0,23.0,21.3,0.0
20.0,20.0,20.0,2/1/2021,MIN,@,CLE,"L, 98-100",1.0,31:18:00,5.0,12.0,0.417,2.0,5.0,0.4,3.0,7.0,0.429,0.5,1.0,1.0,1.0,0.0,3.0,3.0,2.0,1.0,0.0,0.0,2.0,13.0,9.1,-3.0
21.0,21.0,21.0,2/3/2021,MIN,@,SAS,"L, 108-111",1.0,31:34:00,6.0,14.0,0.429,1.0,3.0,0.333,5.0,11.0,0.455,0.464,1.0,2.0,0.5,0.0,6.0,6.0,2.0,0.0,1.0,0.0,1.0,14.0,9.7,-5.0
22.0,22.0,22.0,2/5/2021,MIN,@,OKC,"W, 106-103",1.0,32:15:00,3.0,14.0,0.214,1.0,7.0,0.143,2.0,7.0,0.286,0.25,2.0,2.0,1.0,0.0,2.0,2.0,5.0,0.0,1.0,2.0,1.0,9.0,2.8,-6.0
23.0,23.0,23.0,2/6/2021,MIN,@,OKC,"L, 118-120",1.0,31:15:00,8.0,16.0,0.5,2.0,5.0,0.4,6.0,11.0,0.545,0.563,2.0,4.0,0.5,0.0,8.0,8.0,4.0,1.0,1.0,0.0,1.0,20.0,17.7,2.0
24.0,24.0,24.0,2/8/2021,MIN,@,DAL,"L, 122-127",1.0,30:56:00,8.0,19.0,0.421,3.0,8.0,0.375,5.0,11.0,0.455,0.5,3.0,4.0,0.75,0.0,2.0,2.0,4.0,2.0,2.0,1.0,2.0,22.0,16.5,-13.0
25.0,25.0,25.0,2/10/2021,MIN,,LAC,"L, 112-119",1.0,29:44:00,4.0,9.0,0.444,1.0,5.0,0.2,3.0,4.0,0.75,0.5,2.0,2.0,1.0,2.0,2.0,4.0,2.0,1.0,0.0,3.0,1.0,11.0,7.3,1.0
26.0,26.0,26.0,2/12/2021,MIN,@,CHO,"L, 114-120",1.0,33:58:00,9.0,21.0,0.429,2.0,6.0,0.333,7.0,15.0,0.467,0.476,1.0,1.0,1.0,0.0,6.0,6.0,3.0,0.0,0.0,0.0,2.0,21.0,13.0,-4.0
27.0,27.0,27.0,2/14/2021,MIN,@,TOR,"W, 116-112",1.0,34:57:00,7.0,15.0,0.467,1.0,7.0,0.143,6.0,8.0,0.75,0.5,3.0,4.0,0.75,0.0,7.0,7.0,3.0,1.0,0.0,2.0,1.0,18.0,12.7,14.0
28.0,28.0,28.0,2/16/2021,MIN,,LAL,"L, 104-112",1.0,34:20:00,10.0,21.0,0.476,5.0,10.0,0.5,5.0,11.0,0.455,0.595,3.0,4.0,0.75,0.0,7.0,7.0,5.0,1.0,2.0,3.0,2.0,28.0,21.1,0.0
29.0,29.0,29.0,2/17/2021,MIN,,IND,"L, 128-134 (OT)",1.0,38:46:00,3.0,15.0,0.2,0.0,4.0,0.0,3.0,11.0,0.273,0.2,2.0,2.0,1.0,0.0,5.0,5.0,4.0,0.0,0.0,1.0,0.0,8.0,2.0,-23.0
30.0,30.0,30.0,2/19/2021,MIN,,TOR,"L, 81-86",1.0,34:05:00,3.0,14.0,0.214,0.0,7.0,0.0,3.0,7.0,0.429,0.214,1.0,2.0,0.5,0.0,3.0,3.0,4.0,2.0,1.0,1.0,0.0,7.0,3.4,-13.0
31.0,31.0,31.0,2/21/2021,MIN,@,NYK,"L, 99-103",1.0,31:38:00,3.0,11.0,0.273,3.0,6.0,0.5,0.0,5.0,0.0,0.409,3.0,4.0,0.75,0.0,3.0,3.0,4.0,0.0,0.0,3.0,2.0,12.0,5.0,-8.0
32.0,32.0,32.0,2/23/2021,MIN,@,MIL,"L, 112-139",1.0,27:43:00,3.0,13.0,0.231,3.0,8.0,0.375,0.0,5.0,0.0,0.346,0.0,0.0,,0.0,6.0,6.0,3.0,0.0,2.0,4.0,1.0,9.0,2.0,-10.0
33.0,33.0,33.0,2/24/2021,MIN,@,CHI,"L, 126-133 (OT)",1.0,36:57:00,7.0,20.0,0.35,3.0,9.0,0.333,4.0,11.0,0.364,0.425,4.0,4.0,1.0,3.0,6.0,9.0,6.0,2.0,0.0,3.0,2.0,21.0,16.1,5.0
34.0,34.0,34.0,2/27/2021,MIN,@,WAS,"L, 112-128",1.0,32:10:00,9.0,22.0,0.409,3.0,11.0,0.273,6.0,11.0,0.545,0.477,0.0,2.0,0.0,2.0,4.0,6.0,0.0,1.0,2.0,1.0,2.0,21.0,11.6,2.0
35.0,35.0,35.0,2/28/2021,MIN,,PHO,"L, 99-118",1.0,35:28:00,8.0,22.0,0.364,2.0,8.0,0.25,6.0,14.0,0.429,0.409,6.0,6.0,1.0,0.0,5.0,5.0,1.0,3.0,0.0,4.0,3.0,24.0,11.8,-15.0
36.0,36.0,36.0,3/3/2021,MIN,,CHO,"L, 102-135",1.0,33:09:00,8.0,23.0,0.348,1.0,10.0,0.1,7.0,13.0,0.538,0.37,2.0,2.0,1.0,3.0,2.0,5.0,3.0,2.0,0.0,4.0,2.0,19.0,8.1,-24.0
37.0,37.0,37.0,3/11/2021,MIN,@,NOP,"W, 135-105",1.0,37:21:00,10.0,22.0,0.455,2.0,5.0,0.4,8.0,17.0,0.471,0.5,5.0,6.0,0.833,0.0,4.0,4.0,2.0,3.0,0.0,3.0,3.0,27.0,16.6,11.0
38.0,38.0,38.0,3/13/2021,MIN,,POR,"L, 121-125",1.0,29:29:00,8.0,18.0,0.444,3.0,7.0,0.429,5.0,11.0,0.455,0.528,2.0,4.0,0.5,0.0,8.0,8.0,3.0,1.0,0.0,3.0,4.0,21.0,11.7,-6.0
39.0,39.0,39.0,3/14/2021,MIN,,POR,"W, 114-112",1.0,36:36:00,12.0,24.0,0.5,6.0,14.0,0.429,6.0,10.0,0.6,0.625,4.0,4.0,1.0,0.0,4.0,4.0,2.0,1.0,0.0,2.0,3.0,34.0,22.4,-7.0
40.0,40.0,40.0,3/16/2021,MIN,@,LAL,"L, 121-137",1.0,38:26:00,11.0,22.0,0.5,3.0,7.0,0.429,8.0,15.0,0.533,0.568,4.0,6.0,0.667,2.0,2.0,4.0,1.0,1.0,0.0,2.0,1.0,29.0,18.5,-17.0
41.0,41.0,41.0,3/18/2021,MIN,@,PHO,"W, 123-119",1.0,38:17:00,15.0,31.0,0.484,4.0,13.0,0.308,11.0,18.0,0.611,0.548,8.0,13.0,0.615,3.0,4.0,7.0,3.0,2.0,0.0,2.0,2.0,42.0,28.9,9.0
42.0,42.0,42.0,3/19/2021,MIN,@,PHO,"L, 101-113",1.0,36:10:00,4.0,18.0,0.222,3.0,8.0,0.375,1.0,10.0,0.1,0.306,0.0,0.0,,2.0,8.0,10.0,6.0,1.0,1.0,7.0,2.0,11.0,1.9,-12.0
43.0,43.0,43.0,3/22/2021,MIN,,OKC,"L, 103-112",1.0,32:10:00,6.0,16.0,0.375,2.0,7.0,0.286,4.0,9.0,0.444,0.438,2.0,4.0,0.5,1.0,1.0,2.0,3.0,1.0,0.0,2.0,1.0,16.0,8.1,-17.0
44.0,44.0,44.0,3/24/2021,MIN,,DAL,"L, 108-128",1.0,37:15:00,9.0,23.0,0.391,3.0,12.0,0.25,6.0,11.0,0.545,0.457,8.0,9.0,0.889,0.0,5.0,5.0,3.0,1.0,0.0,0.0,3.0,29.0,19.5,-7.0
45.0,45.0,45.0,3/26/2021,MIN,,HOU,"W, 107-101",1.0,33:05:00,4.0,17.0,0.235,2.0,7.0,0.286,2.0,10.0,0.2,0.294,2.0,2.0,1.0,0.0,6.0,6.0,2.0,1.0,0.0,1.0,1.0,12.0,4.5,-12.0
46.0,46.0,46.0,3/27/2021,MIN,,HOU,"L, 107-129",1.0,34:07:00,11.0,22.0,0.5,3.0,9.0,0.333,8.0,13.0,0.615,0.568,2.0,3.0,0.667,1.0,3.0,4.0,2.0,1.0,0.0,1.0,1.0,27.0,18.2,-5.0
47.0,47.0,47.0,3/29/2021,MIN,@,BRK,"L, 107-112",1.0,35:01:00,9.0,22.0,0.409,0.0,7.0,0.0,9.0,15.0,0.6,0.409,5.0,7.0,0.714,3.0,7.0,10.0,0.0,3.0,1.0,4.0,5.0,23.0,12.3,5.0
48.0,48.0,48.0,3/31/2021,MIN,,NYK,"W, 102-101",1.0,35:32:00,9.0,16.0,0.563,2.0,7.0,0.286,7.0,9.0,0.778,0.625,4.0,5.0,0.8,1.0,1.0,2.0,3.0,3.0,4.0,3.0,3.0,24.0,20.7,14.0
49.0,49.0,49.0,4/2/2021,MIN,@,MEM,"L, 108-120",1.0,30:59:00,9.0,14.0,0.643,2.0,3.0,0.667,7.0,11.0,0.636,0.714,2.0,2.0,1.0,1.0,2.0,3.0,6.0,1.0,2.0,3.0,1.0,22.0,20.3,-5.0
50.0,50.0,50.0,4/3/2021,MIN,@,PHI,"L, 113-122",1.0,41:18:00,10.0,23.0,0.435,3.0,7.0,0.429,7.0,16.0,0.438,0.5,4.0,4.0,1.0,1.0,0.0,1.0,1.0,1.0,0.0,4.0,1.0,27.0,12.9,-9.0
51.0,51.0,51.0,4/5/2021,MIN,,SAC,"W, 116-106",1.0,37:33:00,5.0,15.0,0.333,3.0,10.0,0.3,2.0,5.0,0.4,0.433,6.0,7.0,0.857,1.0,7.0,8.0,5.0,2.0,0.0,7.0,1.0,19.0,11.0,15.0
52.0,52.0,52.0,4/7/2021,MIN,@,IND,"L, 137-141",1.0,33:52:00,11.0,21.0,0.524,2.0,5.0,0.4,9.0,16.0,0.563,0.571,3.0,5.0,0.6,3.0,2.0,5.0,3.0,1.0,0.0,2.0,1.0,27.0,19.3,5.0
53.0,53.0,53.0,4/9/2021,MIN,@,BOS,"L, 136-145 (OT)",1.0,40:26:00,7.0,12.0,0.583,2.0,6.0,0.333,5.0,6.0,0.833,0.667,8.0,8.0,1.0,1.0,4.0,5.0,5.0,1.0,0.0,3.0,3.0,24.0,20.6,-1.0
54.0,54.0,54.0,4/11/2021,MIN,,CHI,"W, 121-117",1.0,35:49:00,5.0,14.0,0.357,2.0,5.0,0.4,3.0,9.0,0.333,0.429,3.0,3.0,1.0,0.0,5.0,5.0,2.0,3.0,0.0,2.0,0.0,15.0,11.1,4.0
55.0,55.0,55.0,4/13/2021,MIN,,BRK,"L, 97-127",1.0,33:12:00,8.0,22.0,0.364,2.0,11.0,0.182,6.0,11.0,0.545,0.409,9.0,12.0,0.75,1.0,7.0,8.0,2.0,1.0,1.0,1.0,2.0,27.0,17.7,-39.0
56.0,56.0,56.0,4/14/2021,MIN,,MIL,"L, 105-130",1.0,30:54:00,8.0,21.0,0.381,5.0,11.0,0.455,3.0,10.0,0.3,0.5,3.0,5.0,0.6,0.0,0.0,0.0,3.0,3.0,0.0,2.0,0.0,24.0,14.8,-21.0
57.0,57.0,57.0,4/16/2021,MIN,,MIA,"W, 119-111",1.0,30:20:00,5.0,13.0,0.385,2.0,6.0,0.333,3.0,7.0,0.429,0.462,0.0,0.0,,0.0,4.0,4.0,5.0,1.0,0.0,1.0,0.0,12.0,9.6,19.0
58.0,58.0,58.0,4/18/2021,MIN,@,LAC,"L, 105-124",1.0,28:40:00,6.0,16.0,0.375,5.0,11.0,0.455,1.0,5.0,0.2,0.531,6.0,7.0,0.857,0.0,6.0,6.0,3.0,0.0,0.0,1.0,4.0,23.0,15.1,-17.0
59.0,59.0,59.0,4/20/2021,MIN,@,SAC,"W, 134-120",1.0,37:54:00,11.0,21.0,0.524,5.0,12.0,0.417,6.0,9.0,0.667,0.643,1.0,1.0,1.0,0.0,4.0,4.0,3.0,3.0,1.0,3.0,2.0,28.0,20.9,4.0
60.0,60.0,60.0,4/21/2021,MIN,@,SAC,"L, 125-128",1.0,27:57:00,4.0,10.0,0.4,2.0,7.0,0.286,2.0,3.0,0.667,0.5,6.0,8.0,0.75,0.0,1.0,1.0,2.0,0.0,0.0,2.0,1.0,16.0,9.1,-3.0
61.0,61.0,61.0,4/24/2021,MIN,@,UTA,"W, 101-96",1.0,36:09:00,9.0,19.0,0.474,4.0,10.0,0.4,5.0,9.0,0.556,0.579,1.0,3.0,0.333,1.0,8.0,9.0,4.0,5.0,0.0,2.0,1.0,23.0,21.0,5.0
62.0,62.0,62.0,4/26/2021,MIN,,UTA,"W, 105-104",1.0,37:44:00,5.0,17.0,0.294,1.0,10.0,0.1,4.0,7.0,0.571,0.324,3.0,3.0,1.0,1.0,8.0,9.0,4.0,1.0,0.0,3.0,2.0,14.0,7.2,1.0
63.0,63.0,63.0,4/27/2021,MIN,@,HOU,"W, 114-107",1.0,33:04:00,9.0,22.0,0.409,1.0,8.0,0.125,8.0,14.0,0.571,0.432,0.0,3.0,0.0,2.0,7.0,9.0,2.0,3.0,2.0,3.0,1.0,19.0,11.9,2.0
64.0,64.0,64.0,4/29/2021,MIN,,GSW,"W, 126-114",1.0,34:30:00,10.0,19.0,0.526,3.0,6.0,0.5,7.0,13.0,0.538,0.605,2.0,3.0,0.667,0.0,5.0,5.0,3.0,0.0,1.0,2.0,4.0,25.0,16.0,5.0
65.0,65.0,65.0,5/1/2021,MIN,,NOP,"L, 136-140 (OT)",1.0,38:12:00,9.0,21.0,0.429,2.0,7.0,0.286,7.0,14.0,0.5,0.476,9.0,11.0,0.818,2.0,7.0,9.0,6.0,0.0,1.0,6.0,3.0,29.0,18.3,-8.0
66.0,66.0,66.0,5/5/2021,MIN,,MEM,"L, 135-139",1.0,38:14:00,17.0,22.0,0.773,8.0,9.0,0.889,9.0,13.0,0.692,0.955,0.0,1.0,0.0,1.0,5.0,6.0,7.0,1.0,1.0,3.0,4.0,42.0,37.2,11.0
67.0,67.0,67.0,5/7/2021,MIN,@,MIA,"L, 112-121",1.0,41:21:00,10.0,19.0,0.526,2.0,9.0,0.222,8.0,10.0,0.8,0.579,3.0,3.0,1.0,2.0,4.0,6.0,3.0,0.0,1.0,5.0,4.0,25.0,14.5,-1.0
68.0,68.0,68.0,5/9/2021,MIN,@,ORL,"W, 128-96",1.0,28:58:00,7.0,11.0,0.636,2.0,6.0,0.333,5.0,5.0,1.0,0.727,0.0,1.0,0.0,1.0,9.0,10.0,5.0,0.0,1.0,1.0,2.0,16.0,16.5,25.0
69.0,69.0,69.0,5/11/2021,MIN,@,DET,"W, 119-100",1.0,34:05:00,7.0,16.0,0.438,2.0,6.0,0.333,5.0,10.0,0.5,0.5,6.0,9.0,0.667,1.0,1.0,2.0,2.0,2.0,0.0,4.0,3.0,22.0,11.6,30.0
70.0,70.0,70.0,5/13/2021,MIN,,DEN,"L, 103-114",1.0,39:29:00,8.0,16.0,0.5,4.0,9.0,0.444,4.0,7.0,0.571,0.625,9.0,12.0,0.75,1.0,6.0,7.0,5.0,0.0,2.0,1.0,3.0,29.0,25.0,-6.0
71.0,71.0,71.0,5/15/2021,MIN,,BOS,"L, 108-124",1.0,33:50:00,8.0,18.0,0.444,1.0,9.0,0.111,7.0,9.0,0.778,0.472,6.0,6.0,1.0,0.0,4.0,4.0,6.0,3.0,0.0,2.0,1.0,23.0,19.6,-12.0
72.0,72.0,72.0,5/16/2021,MIN,,DAL,"W, 136-121",1.0,38:13:00,10.0,21.0,0.476,5.0,9.0,0.556,5.0,12.0,0.417,0.595,5.0,5.0,1.0,0.0,0.0,0.0,4.0,0.0,2.0,1.0,1.0,30.0,22.1,9.0
,,,,,,,,,,,,,,,,,,,,,,,,,,,,,,,,,
